     title     ,     image     
"Subaru Outback , 2017",https://i.cars.kg/preview/r/piBq8V5LXz_ELxaLLODsNA/1080x-/20230306/79ec53c77d31ffb9cc201d94733ce3e2.jpg
"Mercedes-Benz E-Класс W210/S210 Седан 4-дв. , 1996",https://i.cars.kg/preview/r/WBOtiq3G_ipJBV_Bz12XMw/1080x-/20230226/012b3bde885ba63c17a2b441166f9de7.jpg
"Toyota RAV4 4 поколение [рестайлинг] Кроссовер , 2021",https://i.cars.kg/preview/r/IHlhGYdEaGurrwPESrW8gA/1080x-/20230226/126ff4ff8638c57f3e803e7d49fb93e7.jpeg
"Hyundai Elantra MD Седан , 2011",https://i.cars.kg/preview/r/Bnj3p851BTnvMacYOPpH5Q/1080x-/20230220/9afbbc72f5609f612e7f41b7d0027442.jpg
"Opel Astra H Хетчбэк 5-дв. , 2008",https://i.cars.kg/preview/r/5WxnW3aGkmsznzXS8NlaxA/1080x-/20230311/1af7161c973a87f9768137ecea9672be.jpg
"Mazda MPV 2 поколение [рестайлинг] JP-spec минивэн 5-дв. , 2004",https://i.cars.kg/preview/r/Rt5MxOC8U7B69yaZ5B_5tg/1080x-/20230311/a188a6a967fafbbc9e27e5602275870a.jpg
"Mazda Demio 2 поколение [рестайлинг] Хетчбэк , 2006",https://i.cars.kg/preview/r/P4p6G6yXhg7S1Mrk07M4EQ/1080x-/20230306/a804e6c7e384131a542fa49004b12f42.jpg
"Toyota Sequoia 2 поколение Внедорожник , 2014",https://i.cars.kg/preview/r/M98HdZs9o4WRdod41pgESg/1080x-/20230303/9ca5100bfa6ecfe74416c7ef6b2d9f72.jpg
"Kia Sorento 2 поколение [рестайлинг] Кроссовер , 2016",https://i.cars.kg/preview/r/uwVdS4nicup_SKZqonUYYg/1080x-/20230311/dd9e18825f2ba6902f7082f878dc88b3.jpeg
"Audi A3 8L [рестайлинг] Хетчбэк 5-дв. , 2002",https://i.cars.kg/preview/r/fFXZOh2x__hrmgDQ8PobBQ/1080x-/20230225/d7732858cb6fdad4b537dedc73d31c52.jpg
"Mercedes-Benz E-Класс W211/S211 Седан , 2002",https://i.cars.kg/preview/r/G2V7OSFm4_xoZb3svg9rVA/1080x-/20230306/2fe41f2579d9e7bebecd7bdafd5de08b.jpg
"Toyota Corolla E100 [рестайлинг] Седан , 1996",https://i.cars.kg/preview/r/W6CITCvJ5QdsJQunXWw4kg/1080x-/20230228/c549a83dec5f8f4a59ea768420211c1b.jpeg
"Toyota Camry XV50 [рестайлинг] Седан , 2016",https://i.cars.kg/preview/r/SmI1RAJ3bYn3v8kUengT4w/1080x-/20230302/41e60176be01d6affe8b56aa035ffe8b.jpg
"Toyota Prius 3 поколение [рестайлинг] Хетчбэк , 2014",https://i.cars.kg/preview/r/GofZ39rD1ORcj0HbY-jSPQ/1080x-/20230208/9562cc7cd4425ddf07d8875bc567c9a9.jpg
"Subaru Impreza 4 поколение Седан , 2018",https://i.cars.kg/preview/r/1Mep_pnxPTtz0GPO3v9D5A/1080x-/20230309/d90e9a9d3ed9969484d3386229e1b024.jpg
"Honda CR-V 3 поколение Кроссовер , 2008",https://i.cars.kg/preview/r/S7E5YQ-um6lbAoJjO4-z_g/1080x-/20230310/9b02698bd0b2176f64f274d8a061cee1.jpg
"ИЖ 412 1 поколение [2-й рестайлинг] Седан , 1984",https://i.cars.kg/preview/r/_UV2MftERSckeKjmd5glbw/1080x-/20230109/31f6613bc2039e7e89f9aa4fe5cb3c60.jpg
"Audi 80 B2 Седан 4-дв. , 1985",https://i.cars.kg/preview/r/AOi7dkFBC7krPF0IK7SNRg/1080x-/20230109/baf4c88fcfbd640119d2bdacf4702606.jpg
"BMW 5 серия E60/E61 [рестайлинг] Седан , 2010",https://i.cars.kg/preview/r/TgFHHljubRRdxsahCYNktg/1080x-/20230108/00a0cff9afe4cbdfbdd89bf0cc6fc7a4.jpg
"Toyota Land Cruiser J200 [2-й рестайлинг] Внедорожник , 2017",https://i.cars.kg/preview/r/sbkFlvu_c7qbA_eYxHS6FA/1080x-/20230309/66386ad923a84374f60ca2d96d926b56.jpg
"Hyundai Sonata , 2016",https://i.cars.kg/preview/r/I0oNZV7omohUm81cXv7Jlg/1080x-/20230227/aa1c4ebba34f1eb0436066b040c8b7d0.jpg
"Volkswagen id6 crozz prime, 2022",https://i.cars.kg/preview/r/GSte3UYgJXKRS1V_mwyzUQ/1080x-/20230228/b43ddbe75a927658fa19ba77304c42c4.jpg
"Toyota Passo 1 поколение Хетчбэк , 2005",https://i.cars.kg/preview/r/5faqBFJiTm7a2j1_Q5U3QQ/1080x-/20230213/ee5c75c1dbcd3072f077bb3a2bdb24d5.jpg
"Lexus RX 4 поколение , 2022",https://i.cars.kg/preview/r/xHQe9Mlpm7t4J4IYH53ISQ/1080x-/20230202/4b5b1b05dde8799edce903bac261c5ac.jpg
"Lexus RX 2 поколение [рестайлинг] Кроссовер , 2008",https://i.cars.kg/preview/r/IH-1UsfA3-FdZp_SP3BA3A/1080x-/20230311/82d05ded33b2742d9dc16161af0b4da0.jpg
"Mercedes-Benz Sprinter W906 Фургон , 2006",https://i.cars.kg/preview/r/9grbTnAsszMkDpo90S8P-g/1080x-/20230311/08b4ce6453600708522fb10df9c4c17e.jpg
"Lexus ES 5 поколение [рестайлинг] Седан , 2011",https://i.cars.kg/preview/r/hS-sERmPDeePuL2nc5xC2g/1080x-/20230311/3de79357ef529822383aa5a47f5520a0.jpg
"Mercedes-Benz C-Класс W203/S203/CL203 Седан 4-дв. , 2001",https://i.cars.kg/preview/r/5CdD-AEt1AVA-sKg1whsQQ/1080x-/20230311/78d6ab49c0f7229010b8932f4d86ea85.jpg
"Lexus RX 2 поколение Кроссовер , 2004",https://i.cars.kg/preview/r/ipecd-ybeq6pJEGulbZ2Vw/1080x-/20230311/d4c3a2d9d80af78a1b8a3bede0de4207.jpg
"Hyundai Sonata YF Седан 4-дв. , 2016",https://i.cars.kg/preview/r/NUfkehpGZyUYhXXXP8IUcg/1080x-/20230311/3fd67101401e5f2ba4c72d4ffef0702b.jpeg
"Toyota Land Cruiser J200 Внедорожник , 2008",https://i.cars.kg/preview/r/mivB3_hXI09DWhJr9g0d5w/1080x-/20230311/7e10dc727f4c12c09c3e71f2fe6de602.jpg
"Subaru Forester 1 поколение [рестайлинг] Кроссовер , 2000",https://i.cars.kg/preview/r/urzQNb0xinmeZpL3ubg2qQ/1080x-/20230311/9c5e357d11e6c087b717361a8d3982f1.jpg
"Honda Fit 2 поколение Хетчбэк , 2008",https://i.cars.kg/preview/r/4cT0NFECjggpfuGk1FHjVw/1080x-/20230311/d456e0406e32f1936e02215838663da0.jpg
"Honda Fit 2 поколение Хетчбэк , 2008",
"Lexus GX 2 поколение Внедорожник , 2011",https://i.cars.kg/preview/r/-QCrY2yirvizdc3flLqBNA/1080x-/20230311/b47b30d3d54466be647fb2c65f97532f.jpg
"Toyota Wish 1 поколение , 2003",
"Daewoo Nexia 1 поколение [рестайлинг] , 2012",
"Daewoo Evanda , 2004",https://i.cars.kg/preview/r/AW6MSRD7FnBINpoN7p8sEw/1080x-/20230311/2e9473ce1d38ce2efb711b4027fe7183.jpg
"Nissan Primera P12 Седан 4-дв. , 2004",https://i.cars.kg/preview/r/XTzn74Be_3F1avBrfGUZpg/1080x-/20230310/0d2292c55750e27afeaee1f935f0e732.jpg
"Lexus NX 1 поколение Кроссовер 5-дв. , 2015",https://i.cars.kg/preview/r/ddQOcWvs3DInK_Aa4l2vrg/1080x-/20230310/bfb75e36f295f117a0a9756aec8f845f.jpg
"Hyundai Sonata , 2017",https://i.cars.kg/preview/r/-GMp611r9c0VAC3rhOG1Dg/1080x-/20230310/2e6691dddd038d6d332030578b3203a3.jpg
"Hyundai Sonata , 2017",https://i.cars.kg/preview/r/-GMp611r9c0VAC3rhOG1Dg/1080x-/20230310/2e6691dddd038d6d332030578b3203a3.jpg
"Nissan Pathfinder R50 [рестайлинг] Внедорожник , 2000",https://i.cars.kg/preview/r/Yt6o2-Sk2iCrCLPNv-iHRQ/1080x-/20230310/1f78f98332d888a6bfa2e850bcd32174.jpg
"Toyota Mark X 2 поколение Седан , 2009",https://i.cars.kg/preview/r/Zkrxe9vwCIR_ScPTaxfMhw/1080x-/20230310/67931e2564149f4d1fe9203ceed8c00f.jpg
"Hyundai Sonata YF Седан 4-дв. , 2016",https://i.cars.kg/preview/r/MWvWaZg_BASmqriSllqVPw/1080x-/20230310/fe46b932d63ddbcae15613f75e0aa25a.plain
"Lexus GX 1 поколение Внедорожник , 2003",https://i.cars.kg/preview/r/pWzxhvu0OCa9qTjPnj504Q/1080x-/20230310/5fd27dd5e6eab515c453cfd1a6a8de29.jpg
"Hyundai , 2017",https://i.cars.kg/preview/r/gJaylERwn-GaIittsXKKNw/1080x-/20230310/b381aa1d91992e79aff1f649da1aba36.jpg
"Nissan Cefiro A33 Седан , 2003",https://i.cars.kg/preview/r/HAQQHSad5XRwlCbvzS-vMQ/1080x-/20230310/1209e35b4d940dea972758877f1886ff.jpg
"Kia , 2020",https://i.cars.kg/preview/r/sM0XRBf_9ybJaiIuLjA15w/1080x-/20230310/c94b307ed010c2bd3d765498c6bb1729.jpg
"Mercedes-Benz S-Класс W220 , 2001",https://i.cars.kg/preview/r/CqJaJSMCR03lSZcJSjl2RA/1080x-/20230310/146170da6b2fc9d12922522d534c5acb.jpg
"Toyota Camry XV20 Седан 4-дв. , 2000",https://i.cars.kg/preview/r/r5MkctenOF9JFvVASninxg/1080x-/20230310/da9374ccbd048e411a0ea7a2c4353e20.jpg
"Mercedes-Benz , 1997",https://i.cars.kg/preview/r/PcVfQsdy5lEqHeMKbeS0XA/1080x-/20230310/c6afe2f5b6c053c6cc248c90f80a6ece.jpg
"Toyota Prius 2 поколение Хетчбэк , 2004",https://i.cars.kg/preview/r/OMEGYavw5nA211YxARLqGg/1080x-/20230310/6936f61c5e2ab5db0066164bc07b0f61.jpg
"Honda M-NV, 2022",https://i.cars.kg/preview/r/_B4x4pQgjhT4J2A3I77i3w/1080x-/20230310/c5e3229405a8917c708e932f64a6c00f.jpg
"Toyota Corolla E100 Хетчбэк 5-дв. , 1996",https://i.cars.kg/preview/r/x7OVOd9QTns8UfVvhvXy-w/1080x-/20230310/fa42ee4508bcdf295ccf1abfd9b125b7.jpg
"Mercedes-Benz Sprinter W906 Фургон , 2007",https://i.cars.kg/preview/r/CLD_ISx1hTrJUw4YlBiojA/1080x-/20230310/af9b0a8aa3304bf4119bd75ed7c64fed.jpg
"Subaru Ascent , 2019",https://i.cars.kg/preview/r/uaX-uSB8Jo8isPxMV4zMJA/1080x-/20230310/acca609fccdc3dc80d3dc65d287fef46.jpg
"Honda Elysion 1 поколение [рестайлинг] Prestige минивэн 5-дв. , 2007",https://i.cars.kg/preview/r/63y78LPahcJbyht25AR9KQ/1080x-/20230310/ede599e235862849e823b4ddd8296b44.jpg
"BMW X5 F15 Кроссовер , 2019",https://i.cars.kg/preview/r/Cey03hw7vRAnyAGk2cktvQ/1080x-/20230310/ffdf82cfbf54c06dc5e33521db6fd378.jpg
"Mercedes-Benz Sprinter , 2007",https://i.cars.kg/preview/r/43NxU230F0LGtApLUpEmVg/1080x-/20230310/1a62051236e22500fb32dcab85500d92.jpg
"Mercedes-Benz S-Класс W220 Седан , 1998",https://i.cars.kg/preview/r/8jozMBt1HAw7QGsmyrRCIA/1080x-/20230309/d6370733e34e142744fb257214e8ba4c.jpg
"Subaru Forester 2 поколение [рестайлинг] Кроссовер , 2006",https://i.cars.kg/preview/r/b9OhW66BM82FQBClW9hr_g/1080x-/20230309/2b3287ddf8dcc516c2b7dadad1a3bb59.jpg
"Kia K5 , 2018",https://i.cars.kg/preview/r/K1bahWAmi3UiCsTsP6UQkQ/1080x-/20230309/832b0688a54134bfde20947d853d02d5.jpeg
"Kia K5 1 поколение Седан , 2020",https://i.cars.kg/preview/r/xYQArB09XpG8wq_4Y-XlPQ/1080x-/20230309/6ba249e0b26d9b97acf79a6485bf87e2.webp
"Kia Carnival , 2016",https://i.cars.kg/preview/r/FGyuJH0hIlFAhi-beKYV_Q/1080x-/20230309/9d2811a5b2d6d8b4273c40050a01df8b.jpg
"Kia , 2016",https://i.cars.kg/preview/r/va2CG2dzcJ9O5Xlg6yHrDg/1080x-/20230309/c24a2b7f317c7ef078a8b4edaad0eba6.jpg
"Mercedes-Benz , 1992",https://i.cars.kg/preview/r/kdQut0Y6WruZHYS5g8XCHw/1080x-/20230309/6f99788a50e0a02fd1e284ae6b66602c.jpg
"Ford Kuga 1 поколение Кроссовер , 2013",https://i.cars.kg/preview/r/bXXfnfaAQImk6_Qo-apYuA/1080x-/20230309/1a37a654f96a7a22097cdc3172ad6846.jpg
"BMW 5 серия E39 , 2000",https://i.cars.kg/preview/r/68lKLga2SZKKAtq6OIdE5w/1080x-/20230309/17da84551d879958ad2c07502ed31202.jpg
"Daewoo Winstorm 1 поколение Кроссовер , 2009",https://i.cars.kg/preview/r/Xl2CsdD9ahUWxEy19r0-ZA/1080x-/20230309/4b314e30134549c03bb40a5e6f8882cb.jpg
"Mazda 6 1 поколение Универсал , 2004",https://i.cars.kg/preview/r/DESQTgKy_I_ClsvO9KhvVQ/1080x-/20230309/ed4c56215263e1d9bd696dfcb50484b2.jpg
"Toyota Camry , 2018",https://i.cars.kg/preview/r/3dcstR94CsdJlu8HlRkESA/1080x-/20230309/30a2c4e83eeae3e3f63279af129fd4dc.jpg
"Hyundai Santa Fe DM [рестайлинг] Premium кроссовер , 2018",https://i.cars.kg/preview/r/rL1j5cCu3gzsOzgrMyuI2g/1080x-/20230309/861269aded753b6935f5ec2a2a953b24.jpg
"Toyota Camry XV50 [рестайлинг] Седан , 2016",https://i.cars.kg/preview/r/LLhRpJqmTTCKGvGVf7mFqA/1080x-/20230309/f14ca2c97df8205be9e9c8e004d00a8b.jpg
"Volkswagen , 2022",https://i.cars.kg/preview/r/2suJUwFS33rubZu3NQi5aw/1080x-/20230309/fc4853851185fcc597a93515769d3557.jpg
"Kia Sorento 3 поколение Prime кроссовер , 2021",https://i.cars.kg/preview/r/R2lWliGUOley2c-Mk-MLnw/1080x-/20230309/2065afd0858be40242eed8104e11f6f5.jpg
"BMW X5 E53 [рестайлинг] Кроссовер , 2004",https://i.cars.kg/preview/r/9O9v20eBZg7L_bZ9qN1WjQ/1080x-/20230309/bc20746c241edad2f823ca6492a136ca.jpg
"BMW X5 E53 [рестайлинг] Кроссовер , 2004",https://i.cars.kg/preview/r/9O9v20eBZg7L_bZ9qN1WjQ/1080x-/20230309/bc20746c241edad2f823ca6492a136ca.jpg
"BMW X5 E70 Кроссовер , 2006",https://i.cars.kg/preview/r/SKNOeKp5dCc03cceHctwXQ/1080x-/20230309/c44d5a81fb4e9c61d0c49772c2b17d2b.jpg
"Land Rover Range Rover Sport 1 поколение Внедорожник , 2008",https://i.cars.kg/preview/r/VroJUdiK7prUCtgnwHBRZQ/1080x-/20230308/5dd4a313fd91d9c7ea3ed9572bd3b311.jpg
"Volkswagen Passat B3 Седан , 1992",https://i.cars.kg/preview/r/GKEIehdkOZsODYJFn8YEUg/1080x-/20230308/01fbf4cfc54e2f8f17157d3a3a0d99f4.jpg
"Hyundai Sonata YF Седан 4-дв. , 2018",https://i.cars.kg/preview/r/PKPI1f6-OcUtf6S596GPMw/1080x-/20230308/ce086f64cc4170395d2ba80f8978a4a5.jpg
"Toyota Corolla E120 JDM седан 4-дв. , 2007",https://i.cars.kg/preview/r/bQ2poAok7686mSsZOcwAEA/1080x-/20230308/dab27b8ae2f5041542ef909be17804b2.jpg
"BMW 5 серия F07/F10/F11 [рестайлинг] Седан , 2017",https://i.cars.kg/preview/r/tDUi69pnDAnoePS1X3NI0g/1080x-/20230308/e016d254b65aad0a76c25450ccd54e56.jpg
"Hyundai Sonata EF New [рестайлинг] Tagaz седан 4-дв. , 2002",https://i.cars.kg/preview/r/mSvBJ2Q4hyllIlAEnJvNaw/1080x-/20230308/1312808e3caebd6af6079cdb83278cf1.jpg
"Kia , 2021",https://i.cars.kg/preview/r/JwxRZDiQCb7M22z5W51u5Q/1080x-/20230308/bcfbca948139c7c7ac04ac9018857fb1.jpg
"Mercedes-Benz C-Класс W203/S203/CL203 Универсал 5-дв. , 2004",https://i.cars.kg/preview/r/Yu4JGhNNXMk_ZcSlflwLtA/1080x-/20230308/7accc568edf64a1b6b0e71ff8064be02.jpg
"Toyota Corolla E130 [рестайлинг] Хетчбэк 5-дв. , 2004",https://i.cars.kg/preview/r/JzId4jLIGEpuHDTYmLdyJQ/1080x-/20230308/36c4a0f87571c01b1856d86bea76613f.jpg
"Chevrolet Volt 1 поколение Седан , 2013",https://i.cars.kg/preview/r/TS96sCQFLRyiqvVNCjAzRg/1080x-/20230308/8600ed19d96b97805ae2857ca8623705.jpg
"Mercedes-Benz E-Класс W211/S211 Седан , 2002",https://i.cars.kg/preview/r/1E5vAqqeP_hR28UvtJG0Ug/1080x-/20230308/e45f4ef50caa3f197632bd8c1a9ba64a.jpg
"Honda CR-V 3 поколение Кроссовер , 2007",https://i.cars.kg/preview/r/RX2a6OIvGvSTdTpoP3SwRA/1080x-/20230308/4e1752f7d8eddcc658096f77d212eaa4.jpg
"Honda HR-V 1 поколение Кроссовер 3-дв. , 2001",https://i.cars.kg/preview/r/v0LfhoSRnXAcYcfsM8rGRg/1080x-/20230308/42613940b6f12fffb5828db4f1fc2455.jpg
"Mercedes-Benz CLA-Класс C117 Седан 4-дв. , 2013",https://i.cars.kg/preview/r/videAcnqH2q3ukrpAgkq3Q/1080x-/20230308/c8ca90b57d1e0f9490df219b90d2a90f.jpg
"Volkswagen ID6 Crozz, 2022",https://i.cars.kg/preview/r/m31dHI-zqH7eFKMT5jpJqA/1080x-/20230308/e7ad6c76f6f0985ac09756991d78d15d.jpg
"BYD Song Plus EV, 2023",https://i.cars.kg/preview/r/qtnRHBp67Z44CUpGlKxlyA/1080x-/20230308/ab7b801fb92a2ebaf1212deeb47fafce.jpg
"Chevrolet Matiz 2 поколение [рестайлинг] Хетчбэк , 2008",https://i.cars.kg/preview/r/pQKL1--YhDkN1hChxhGOxg/1080x-/20230308/c669a4007ebbed4d4320365c8d311505.jpg
"Honda Stepwgn 3 поколение Минивэн , 2005",https://i.cars.kg/preview/r/ukdcYDTynsOzqwRWq7mhSA/1080x-/20230308/9c7bcdf99e2b801b0db61c37182098c6.jpg
"Honda Jazz 2 поколение [рестайлинг] Хетчбэк 5-дв. , 2010",https://i.cars.kg/preview/r/JZFPrMMA2oTyK6pdmD9OZg/1080x-/20230307/aed966c55e6f3488c29a0fc1cb9698ed.jpg
"Hyundai Santa Fe , 2016",https://i.cars.kg/preview/r/FWjI3-WC1-II6nWJB_FCXA/1080x-/20230307/fb6e56906b21e2eaaa23515f20434216.jpg
"Kia K5 , 2018",https://i.cars.kg/preview/r/PCHJK2w-8LITcrHBHKzzew/1080x-/20230307/dfa7ff5680f936a33272a687583d4aa7.jpg
"Kia Sorento 3 поколение Prime кроссовер , 2016",https://i.cars.kg/preview/r/byPB0YhncM3SpafTu6NIaA/1080x-/20230307/a530fe4c73d9d244e55d29316ddfc03c.jpeg
"Kia Sportage 4 поколение Кроссовер , 2018",https://i.cars.kg/preview/r/TUzAMQpbd_KHZVWwy1RD0Q/1080x-/20230307/6343bcc900bf130bfa24ef9489de194f.jpg
"Lexus LX 3 поколение Внедорожник , 2011",https://i.cars.kg/preview/r/Lu3asOX_blLH3esJeAHPRg/1080x-/20230307/64853076eb6e466088314e8098f45a8b.jpg
"Toyota Corolla E120 Хетчбэк 5-дв. , 2004",https://i.cars.kg/preview/r/TaQtm1Dgbkys5PxrGN_YcQ/1080x-/20230307/589454d01e67d334535b43b169b0418a.jpg
"Mercedes-Benz Sprinter W906 Фургон Sprinter, 2011",https://i.cars.kg/preview/r/q5lZMO_hnFdNbOZQYf0Lhg/1080x-/20230307/36501785f5c747d6b74cb82631f86979.jpg
"Hyundai Grandeur HG Седан , 2017",https://i.cars.kg/preview/r/ENn9d4LYDmkkO6ZJRiJ4xA/1080x-/20230307/ac5e7f60c3742f10ec22a3952bc21579.jpg
"Audi A6 4B/C5 Седан , 1998",https://i.cars.kg/preview/r/wz2Eo6yljCDwm3d9F_-U7w/1080x-/20230307/0ec979567de94832650c7cbf857f45f9.jpg
"Hyundai Sonata YF Седан 4-дв. , 2016",https://i.cars.kg/preview/r/GWv-v_tmHI-SEfBR4SJjRQ/1080x-/20230307/e40b36015f8d7d0e5a77f6b77e13d328.jpg
"Hyundai Sonata YF Седан 4-дв. , 2016",https://i.cars.kg/preview/r/GWv-v_tmHI-SEfBR4SJjRQ/1080x-/20230307/e40b36015f8d7d0e5a77f6b77e13d328.jpg
"Hyundai Sonata YF Седан 4-дв. , 2016",https://i.cars.kg/preview/r/GWv-v_tmHI-SEfBR4SJjRQ/1080x-/20230307/e40b36015f8d7d0e5a77f6b77e13d328.jpg
"Hyundai Sonata YF Седан 4-дв. , 2016",https://i.cars.kg/preview/r/GWv-v_tmHI-SEfBR4SJjRQ/1080x-/20230307/e40b36015f8d7d0e5a77f6b77e13d328.jpg
"Hyundai i30 FD Хетчбэк , 2008",https://i.cars.kg/preview/r/pTFzTcCxR3TcMIMReDKOTA/1080x-/20230307/b473a8c90c718211265b8e8a4353db40.jpg
"Toyota Avalon XX30 Седан , 2006",https://i.cars.kg/preview/r/knplViZ51bsIdhkw1ZSG_Q/1080x-/20230307/5e4264cf67cb327fdd3d02afc343e5df.jpg
"Toyota Prius 4 поколение Хетчбэк , 2015",https://i.cars.kg/preview/r/1BYmi23EIB28_Lqusp_H_A/1080x-/20230307/5f0b45295adaff0b8b61cb24df134077.jpg
"Toyota Fun Cargo 1 поколение Минивэн , 2000",https://i.cars.kg/preview/r/K8UlyYdxwZGUswfajentlQ/1080x-/20230307/ce8188cab62d0f9a39fc24289dd2e9b7.jpg
"Mercedes-Benz E-Класс W124 [2-й рестайлинг] Седан , 1995",https://i.cars.kg/preview/r/6R9_JUIQ6FNkNPG7NBhXeA/1080x-/20230306/27acccf54446841cfe1cf0bf140f2b3d.jpg
"Hyundai Grandeur HG Седан , 2017",https://i.cars.kg/preview/r/nZ7_OlFzOdKUDrZ8v56vBQ/1080x-/20230306/c0cd986434762fe116791e4739dccadb.jpg
"Toyota Camry XV30 , 2002",https://i.cars.kg/preview/r/KJrpCCo0k8KImp8cPMlxnQ/1080x-/20230306/07355dfbf2fca52780bc549cb19c840b.jpg
"Toyota Ipsum 2 поколение Минивэн , 2002",https://i.cars.kg/preview/r/UJ-CCW4K9WB9-pDh9__20w/1080x-/20230306/94555863023b549fa71213ac89ed5cf3.jpg
"Mazda Demio , 2003",https://i.cars.kg/preview/r/OMw3jSagYKUZacicV2BX_Q/1080x-/20230306/1e406ab0c5d6970906b7097675d48308.jpg
"Subaru , 2013",https://i.cars.kg/preview/r/hoJg27hxl5uG6XsaR4FF2w/1080x-/20230306/3628eefb213eae9ace1567d41b48b8df.jpg
"Hyundai Porter 4 поколение Single Cab борт 2-дв. , 2014",https://i.cars.kg/preview/r/OkEVgkS3e3XaDj0PHuIu2g/1080x-/20230306/ff42da460a354a71bed76e413bb5037c.jpg
"Mercedes-Benz E-Класс W210/S210 [рестайлинг] Седан , 2000",https://i.cars.kg/preview/r/6BddB-HzDyGFfSIFZZuZWg/1080x-/20230306/385f8516d3b79e55817468d991188c7f.jpg
"Kia K7 1 поколение [рестайлинг] Седан , 2016",https://i.cars.kg/preview/r/wCltaSFFohWezwPzrwYFXw/1080x-/20230306/6e29f12fe62a6dbc27605edb10a91cfd.jpg
"BMW 7 серия E65/E66 [рестайлинг] Седан , 2007",
"Mazda Demio 2 поколение Хетчбэк , 2003",https://i.cars.kg/preview/r/r2wvDjYOCxh36oRy9w4KnQ/1080x-/20230306/9d28a4e3d2955188ca203584853f1025.jpg
"Toyota Ist 1 поколение , 2003",https://i.cars.kg/preview/r/TqMbyNu9pYQEQ-IrwtmIYA/1080x-/20230306/0c8beee35f792c5adeef58619916e96e.jpg
"Honda Jazz 1 поколение [рестайлинг] Хетчбэк , 2006",https://i.cars.kg/preview/r/OOPUxFJZ1BkKaaMSe5GlrA/1080x-/20230306/db09181461a5e3822ea28916c22968bc.jpg
"Toyota RAV4 4 поколение [рестайлинг] Кроссовер , 2018",https://i.cars.kg/preview/r/6RvHfwaFULkKIks6MR4TpQ/1080x-/20230306/fc9120a2b0f97a9d9a882ee459a802ed.jpeg
"Subaru Forester 4 поколение [рестайлинг] Кроссовер , 2019",https://i.cars.kg/preview/r/C7s7PQHOOGH--ng35uxSAA/1080x-/20230306/48c01d322761e65e528c92f39a94fd3b.jpeg
"Mazda 626 3 поколение Хетчбэк , 1988",https://i.cars.kg/preview/r/tZtISl-GdbnT4f8d4Yza8A/1080x-/20230306/83ca72f331acbe8e7bb91ce63655a8a0.jpg
"Infiniti FX-Series 2 поколение [рестайлинг] Sebastian Vettel Edition кроссовер 5-дв. , 2004",https://i.cars.kg/preview/r/hH6jN_dz6aiN4WxLsqvnDw/1080x-/20230306/9e2ec1cd91c1913d142ca26a21d8cef2.jpg
"Toyota Ipsum 2 поколение Минивэн , 2003",https://i.cars.kg/preview/r/vAFMYKjDkisamy8Qbi6cvQ/1080x-/20230306/1f50f3a35a9d1e41fa7d84441199b5c9.jpg
"Toyota 4Runner 5 поколение Внедорожник , 2009",https://i.cars.kg/preview/r/xayowWCGuptmnCo-R-KyUA/1080x-/20230306/9694ddb04bde93cd7da047a120125239.jpg
"Infiniti M-Series , 2002",https://i.cars.kg/preview/r/Rf33Mr_H_T4iOIiq9WPPwQ/1080x-/20230306/bac640ad2fa3090533f6f45af571a781.jpg
"Toyota Crown S180 [рестайлинг] Седан , 2006",https://i.cars.kg/preview/r/OPwQ_fCcfNTSRGAcFPVQdQ/1080x-/20230305/855549e09cd485093a30b1189c1a81e0.jpg
"Toyota Camry XV50 [рестайлинг] Седан , 2004",https://i.cars.kg/preview/r/S8ohnF6Z7PiX3Zb4ofC5-A/1080x-/20230305/e63e06659b8836daa0c94a441146556b.jpg
"Kia K7 1 поколение [рестайлинг] Седан , 2016",https://i.cars.kg/preview/r/kBpZ5bkdNbZOwJiSUO3pUw/1080x-/20230305/f5917b911ef0533dd1f6ba0a48ff9aa7.jpg
"Daewoo Tico KLY3 Хетчбэк , 1995",https://i.cars.kg/preview/r/D9QaDj1DzVt1ZZRZWUqslQ/1080x-/20230305/437a1f7f5bc6445bacec2dcf30c1fbde.jpg
"Mercedes-Benz E-Класс W212/S212/C207/A207 Седан 4-дв. , 2009",https://i.cars.kg/preview/r/EhbyYG4g0RgHhHCto1yCMg/1080x-/20230305/076f14824f0275f65ffef71e612f457d.jpg
"Subaru Outback 5 поколение Универсал , 2018",https://i.cars.kg/preview/r/CH-R7YOTKdcKCirfARjsOQ/1080x-/20230305/09414cc8dba352938652c09733cc7854.jpg
"Honda CR-V 1 поколение [рестайлинг] Кроссовер , 1999",https://i.cars.kg/preview/r/DZmS36W1C0rCJ-EQc65l4g/1080x-/20230305/83bb1158fc793b9ec50e99aedf5e780c.jpg
"Lexus LX , 2022",https://i.cars.kg/preview/r/7mgYLg6IZFm7tjrEcXUKjg/1080x-/20230305/145aa101b48ca87e4e637dd0f156a020.jpg
"Honda Inspire 4 поколение Седан , 2003",https://i.cars.kg/preview/r/RWIGs62i4aPl6jzc8BMlsA/1080x-/20230305/05d5e2b93c85b2143e59be67d55c053c.jpg
"Mitsubishi , 2002",https://i.cars.kg/preview/r/4EKZSg2tX4mC-yI1fPnm-Q/1080x-/20230305/ece46e3141a6f9b5c27e03a7b7f3f1d5.jpg
"Lexus RX 2 поколение Кроссовер , 2006",https://i.cars.kg/preview/r/6Yvlsay8yIo2v0CmYi2kIg/1080x-/20230305/a99da5b47a3e3b24fcebf7ac7030dbdf.jpg
"Hyundai Tucson 3 поколение Кроссовер , 2018",https://i.cars.kg/preview/r/rm4-76o9n_Rr6c7Yg12Lwg/1080x-/20230305/13a3a2eca30457a3983b32d9d147d98d.jpg
"Lexus NX , 2018",https://i.cars.kg/preview/r/4EpT4Kp0HG7DBj_wXgXCVw/1080x-/20230305/7a1b8c9214113105dce58f8f40d3f156.jpg
"Subaru Legacy 3 поколение Универсал , 2002",https://i.cars.kg/preview/r/3VC6Q1eiY9KuTN-4-BCEBg/1080x-/20230305/37e24a8e9c71ef3618db3e89be3cc2e2.jpg
"Hyundai Getz 1 поколение Хетчбэк 5-дв. , 2003",https://i.cars.kg/preview/r/EjrcinEyhC90fAVxnnhmbw/1080x-/20230305/9bb704baf17b39fe145e8491ec2b42da.plain
"Volkswagen Passat B3 , 1992",https://i.cars.kg/preview/r/HYNs2kWTXYwMg4XnIwwqkw/1080x-/20230305/97502597a55c6677582e1106c7f6829c.jpg
"Volkswagen Golf 4 поколение , 2002",https://i.cars.kg/preview/r/BPHaV0EqrCskpjr0-cuUuA/1080x-/20230305/1e1f6896bfd1ad69b49611a01561db6e.jpg
"Toyota Sequoia 2 поколение Внедорожник , 2008",https://i.cars.kg/preview/r/OEe8JrocoR5x_2s0NgoKWw/1080x-/20230304/ed60a6278519432749cb6f726f3e8bca.jpg
"Toyota Highlander , 2020",https://i.cars.kg/preview/r/n7MUVC1vRvcQFxxf_3nhNA/1080x-/20230304/275c04ccdbef6a0dabf606bafcde1e5d.jpg
"Mitsubishi Pajero 4 поколение [2-й рестайлинг] Внедорожник , 2020",https://i.cars.kg/preview/r/DPZVVGvtJ3dRsdMEpyM17A/1080x-/20230304/a6c646054c1528454f4515223c612223.jpg
"Toyota Camry XV50 [рестайлинг] Седан , 2018",https://i.cars.kg/preview/r/qmek_VyeqGOVBR1CsVS-lw/1080x-/20230304/f45c3629e2b5134aa7e4938d54a49a5d.jpg
"Honda Stream 1 поколение [рестайлинг] Минивэн , 2004",https://i.cars.kg/preview/r/a4IAOY1ysZ5u0W0pNBFF6g/1080x-/20230304/4f82dbb0e0aa479f9d6675c5c76fff76.jpg
"Nissan X-Trail T30 [рестайлинг] Кроссовер , 2005",https://i.cars.kg/preview/r/oS33NBrgPpVImFD4niWHrw/1080x-/20230304/7e51e98da7322a29fbfb04e30801a408.jpg
"Toyota Land Cruiser J70 [3-й рестайлинг] J76 внедорожник 5-дв. , 2010",https://i.cars.kg/preview/r/kOR4Wkr_GfBmGz6rz4zuYg/1080x-/20230304/a1e0601ba541b7336e4e59a1d0f2e970.jpg
"Toyota Camry , 2003",
"Lexus RX 3 поколение Кроссовер 5-дв. , 2010",https://i.cars.kg/preview/r/pBEym98T3sl8W32tZpRNjA/1080x-/20230304/f499efd8471257c546643a198560e168.jpg
"Toyota Land Cruiser J200 , 2008",https://i.cars.kg/preview/r/ltRSIPsGtuo5QUBFHSDuXg/1080x-/20230304/3adf8380f56772e1a4574d9523e4f646.jpg
"Hyundai Santa Fe , 2020",https://i.cars.kg/preview/r/3DzlE4NsloneRqjmRJC8Dw/1080x-/20230303/cc3e84ffaddc8556ca4640fd7f5a4db4.jpg
"BMW 5 серия E39 [рестайлинг] Седан , 2003",https://i.cars.kg/preview/r/ipWN7vl032ONK77g2931pw/1080x-/20230303/3523b3f9e927dc416d3351646c2917a1.jpg
"Mazda Demio 1 поколение [рестайлинг] Хетчбэк , 2003",https://i.cars.kg/preview/r/2PdUOWsmm5s7RCnGplc9bQ/1080x-/20230303/da79f7c1fd248da17ee35a627daea7a1.jpg
"Subaru Forester 1 поколение [рестайлинг] , 2002",https://i.cars.kg/preview/r/8D3D4i_nPkr2YdyxJUcWBQ/1080x-/20230303/8d6b0eaa5881151e8a7baf52e6dbc80d.jpg
"Audi A6 4B/C5 Седан , 2002",https://i.cars.kg/preview/r/5iIXxmm5ERmZYKII4gcMLg/1080x-/20230303/328fee660788e4891da5ce84704d7f3c.jpg
"Hyundai Santa Fe DM [рестайлинг] Premium кроссовер , 2016",https://i.cars.kg/preview/r/gS9xrRxTjD-gxJTnKUYbqg/1080x-/20230303/908eb83cb303e47880e88432621c6315.jpg
"Honda Jazz 2 поколение [рестайлинг] Хетчбэк 5-дв. , 2011",https://i.cars.kg/preview/r/_186mRt43ScUCl3wigHATg/1080x-/20230303/d1cae3023000c4d34a6103cfaf1a8088.jpg
"Toyota Land Cruiser Prado J150 [рестайлинг] Внедорожник , 2021",https://i.cars.kg/preview/r/zttkqRAi-YjfnRDReQoZig/1080x-/20230303/458c14b9c5e6c16d278c88a9c357f91b.jpg
"Kia Sorento 3 поколение Prime кроссовер , 2018",https://i.cars.kg/preview/r/fmwjJsL20OG6L3koZriabw/1080x-/20230303/3195f2d5eb993f849162d458b628705d.jpg
"Lexus RX 3 поколение Кроссовер 5-дв. , 2010",https://i.cars.kg/preview/r/gjbVD0ddIdFI523kULbpKw/1080x-/20230303/eb1e859501cc5f80c652573abcebee0b.jpg
"Daewoo Matiz M150 [рестайлинг] Хетчбэк , 2006",https://i.cars.kg/preview/r/qeNrxh3zeVeAwdf0q4wbgw/1080x-/20230303/fa140178bcac9072984a636191663f2a.jpg
"Volkswagen Golf 4 поколение Хетчбэк 5-дв. , 2003",https://i.cars.kg/preview/r/NBh7CBbo5QOATvKKqjb8hA/1080x-/20230302/3a9ec49bf2cf393949860712864a711a.jpg
"Honda Torneo 1 поколение , 2002",https://i.cars.kg/preview/r/QlD9akjqi0I8Z_Wm-0pxMg/1080x-/20230302/9435d59d5bc52b786d8d1d668b4d8bd5.jpg
"Toyota Estima 2 поколение Минивэн , 2003",https://i.cars.kg/preview/r/YFqSYMlmCj7RPe1jYuuHFA/1080x-/20230302/0418750bd924e0d1c25aefe57bfe519f.jpg
"Subaru Outback , 2018",https://i.cars.kg/preview/r/iw3fSPTpp5BmyszrD2ARCw/1080x-/20230302/4366a4f625042c219ba5880c9d7d2981.webp
"Toyota Avensis 2 поколение [рестайлинг] Универсал , 2007",https://i.cars.kg/preview/r/RTGfIwfj5aqL0JncJ3_6aA/1080x-/20230302/8c075de2cc6f44d7c0554b17adc19555.jpg
"Toyota Avensis 2 поколение [рестайлинг] Универсал , 2007",
"Toyota Camry , 2014",https://i.cars.kg/preview/r/l9__CAftVlq3gwMijn809Q/1080x-/20230302/3787221b78ec7dc0d3186f150f9b70c4.jpg
"Kia Sorento , 2020",https://i.cars.kg/preview/r/1oXqlX4ysOGlRxdL__iQ5Q/1080x-/20230302/c2545fa9e9da278ac2c546a6e59b6aa4.jpg
"Mercedes-Benz E-Класс W210/S210 [рестайлинг] Седан , 2001",https://i.cars.kg/preview/r/w_wu0cgFJlXAqVdEub8MHA/1080x-/20230302/614f204f7e184d0d85322a960bc0df27.jpg
"Land Rover Range Rover Sport 2 поколение Внедорожник , 2018",https://i.cars.kg/preview/r/kn31ZRbGtu152pxkCP5Gpg/1080x-/20230302/3adfeb4f4edf20a78ca3ce586345fba7.jpg
"BMW 5 серия , 1992",https://i.cars.kg/preview/r/ypAmDKxKLrLR20WFfM_PrA/1080x-/20230302/d4991b2925a3f76c43ef4acc21d21749.jpg
"Mercedes-Benz E-Класс W124 [2-й рестайлинг] Седан , 1994",https://i.cars.kg/preview/r/MxYN4CrXCeHeRn1rsoIVTQ/1080x-/20230302/4fc2555d5bf0f2e7f11833aa09d7b29c.jpg
"Kia Sportage 4 поколение Кроссовер , 2016",https://i.cars.kg/preview/r/3w2ws8-5Nc1pA89J0QoRaA/1080x-/20230302/683d3c3615db582d80ae90aa93ed11f6.jpeg
"Toyota Camry XV50 [рестайлинг] Седан , 2016",https://i.cars.kg/preview/r/AZbp0ZwTYhueyuAn4b5cQw/1080x-/20230302/8dd0d3d6f996d59038debc1cba5a15ae.jpg
"Subaru Legacy 4 поколение Универсал , 2004",https://i.cars.kg/preview/r/9SPKrop6HjUuh_Iq79fIMA/1080x-/20230302/def2080308d819d27bb1ab1bf6850e64.jpg
"Opel Zafira , 2001",https://i.cars.kg/preview/r/FoNZw1LpoBCVt5IAFbkR-g/1080x-/20230302/b313c810e1ddd038f8c2bf535da29328.jpg
"Mercedes-Benz E-Класс W210/S210 [рестайлинг] Седан , 2002",
"Lexus ES 5 поколение Седан , 2006",https://i.cars.kg/preview/r/nXDhUiYV4VCpl_d_xewvVw/1080x-/20230302/c1b40a3fec32ec93ca99d47652750263.jpg
"Toyota Avalon XX40 Hybrid седан 4-дв. , 2018",https://i.cars.kg/preview/r/v_HZe1Rs5CqUu4bTbYBhoA/1080x-/20230302/dcd3f648dc5624e62c08bef434675d07.jpg
"Volkswagen Golf 3 поколение Универсал , 1993",https://i.cars.kg/preview/r/GRrOxf_sTiijHaDqxI9zhQ/1080x-/20230302/802796a9e6b8c75ea2adf983d956ad2f.jpg
"Toyota Camry XV30 [рестайлинг] Седан , 2004",https://i.cars.kg/preview/r/tqoy_QShC4YvijmBET1QNg/1080x-/20230301/294eecc3fa172f7eb672d1819ed09114.jpg
"Lexus RX 1 поколение Кроссовер , 2001",https://i.cars.kg/preview/r/EBVTO0lzfsW3UIesKx78aA/1080x-/20230301/2f5bacaa56e80937e498770a2114b844.jpg
"BMW X5 E53 Кроссовер , 2002",https://i.cars.kg/preview/r/dUsi_y_8Zis3_xIKoJc5xQ/1080x-/20230301/1dfc26f1c23ccc7c3435ec3d4d04903e.jpeg
"Lexus GS 3 поколение [рестайлинг] Седан 4-дв. , 2007",https://i.cars.kg/preview/r/hgVZ-7dXVZHg0AoCVMfAlA/1080x-/20230301/29347312ea2453e079ac0bba79973de8.jpg
"Toyota Corolla E160 Седан , 2015",https://i.cars.kg/preview/r/CM_R6JZ98mtbFjarJvgt_Q/1080x-/20230301/1bf9fe31e9da52ecf3dc86cb14bd16ed.jpg
"Subaru Forester 2 поколение Кроссовер , 2005",https://i.cars.kg/preview/r/YWVWhZA5UBB0IxbWKSpRmw/1080x-/20230301/56b029c9cd1590df688c5acc0bfa836e.jpg
"Kia K5 1 поколение Седан , 2018",https://i.cars.kg/preview/r/H5oGwq3xx-xmY3zXKgQy-g/1080x-/20230301/90211ac67840038c42323ecae0a743fd.jpg
"Lexus LX , 2019",https://i.cars.kg/preview/r/4e1AnprFt9Vs57jb-000uw/1080x-/20230301/e50fdaa39f7aa7755a1752e588ef07ae.jpg
"Mercedes-Benz Vaneo W414 Минивэн , 2003",https://i.cars.kg/preview/r/NURelpIOT-_BmGvNCTHxoQ/1080x-/20230301/2e45cbfe2b00d8ff5ca5b636ccdff0f0.webp
"Honda CR-V 1 поколение [рестайлинг] Кроссовер , 2000",https://i.cars.kg/preview/r/AfMYD6chmo0Dv_ujy7XrLA/1080x-/20230301/6434322ed7fdc30c56a4d13fb4d54b1d.jpg
"Ford Maverick 2 поколение Внедорожник , 2003",https://i.cars.kg/preview/r/mVRzp62l1NugAxH9f78obQ/1080x-/20230301/502d36454325f0cbb0f1547e04477e25.jpg
"Toyota Opa 1 поколение Минивэн , 2002",https://i.cars.kg/preview/r/Cad9Xmmchcadhz2d4rqJrA/1080x-/20230301/ecea479e5719d89e8e3a0bfa55a80390.jpg
"Honda Fit 2 поколение Хетчбэк , 2010",https://i.cars.kg/preview/r/rcvS84zhUtx2NewQjxjlMg/1080x-/20230301/21b082fcfc00e924c5bd303281c30f01.jpg
"Nissan Almera Classic N16 Седан , 2006",https://i.cars.kg/preview/r/E_3XjmrNCJ-YUCUH845TIQ/1080x-/20230301/1cbac8c0f311ebc3a9fe522e0b2979ec.jpg
"Nissan X-Trail T30 Кроссовер , 2001",https://i.cars.kg/preview/r/qClLUz3c2J-M2qT_4_ZvWg/1080x-/20230301/2c8b5c231d1a667bed8afbc090b85c0c.jpg
"Kia , 2016",https://i.cars.kg/preview/r/mjSQG6NmX8NEdbXFuDjrtA/1080x-/20230301/ced3297ece7e9a94adf07510666b99d6.jpg
"Lexus RX 2 поколение Кроссовер , 2006",https://i.cars.kg/preview/r/hHiN3RTKfXqOL-7_U6IG-g/1080x-/20230301/b68bb794a84eb739b2c037ac69ac99e9.jpg
"Toyota Ipsum 2 поколение [рестайлинг] Минивэн , 2007",https://i.cars.kg/preview/r/odAm832i4NNS5UxixOrx7w/1080x-/20230301/1c7a6abd887f061550a545b5e8113a30.jpg
"Toyota Camry , 2018",https://i.cars.kg/preview/r/gb_pSgh5qDZ3kh-CPco83w/1080x-/20230301/400208e5d7bc355e3131bdf583b97ee7.jpg
"Toyota Camry XV50 [рестайлинг] Седан , 2016",https://i.cars.kg/preview/r/lSuNNeZNX1jlB_JZpwkV2g/1080x-/20230301/5429a74352607874b4e427f4138791c1.jpg
"Toyota Camry , 2021",https://i.cars.kg/preview/r/eMf5TqNr-wHMC-jRBURP9w/1080x-/20230303/ce72e467bdc41a9aca0796d5b52a02e5.jpg
"Mercedes-Benz S-Класс W220 [рестайлинг] Седан , 2004",https://i.cars.kg/preview/r/aZSxXR9KRIjHd5Ia4e8vlA/1080x-/20230301/d9de0fa0e4eb8a59437b396e749c4d66.jpg
"Mercedes-Benz E-Класс W210/S210 [рестайлинг] Седан , 2001",https://i.cars.kg/preview/r/4-ufz1JH02Il15ttPXaAIg/1080x-/20230301/7c8ad67771180540f81d5e8b9798b542.jpg
"Subaru Legacy 3 поколение Седан , 2000",https://i.cars.kg/preview/r/m_O3UuXAUlVMuYEWYvJrgQ/1080x-/20230301/bcb25054e1906c0894e0200b24aee0d3.jpg
"Nissan X-Trail T30 [рестайлинг] Кроссовер , 2007",https://i.cars.kg/preview/r/YSgNKuNfWD9eJOZkTfXnZA/1080x-/20230301/4db8f77d0225238d354729785053e517.jpg
"Nissan Cube 2 поколение Минивэн 5-дв. , 2003",https://i.cars.kg/preview/r/fP6BDhL2hEpTCFr3lSN0hA/1080x-/20230301/915ef970e73d93ade2276576ad900ea5.jpg
"Kia Carnival 2 поколение Минивэн , 2020",https://i.cars.kg/preview/r/L-KMUkcpi7edppbUbMgDWQ/1080x-/20230301/a0919513d8455b623a8b9ae10c1c2f59.jpg
"Honda Stream 1 поколение [рестайлинг] Минивэн , 2004",https://i.cars.kg/preview/r/NedGnUERXqAh2xXXpOmY7w/1080x-/20230301/5199b5fe44137446e40d83a8a02b8322.jpg
"Mercedes-Benz S-Класс W140/C140 [рестайлинг] Седан , 1995",https://i.cars.kg/preview/r/ZQRv8f_Hx49PWSgUETGRnw/1080x-/20230301/d4d6a19d7241e21038e5044dbc624773.jpg
"Subaru Outback 5 поколение Универсал , 2016",https://i.cars.kg/preview/r/GU7VEFirUFSThKfhCOrDMw/1080x-/20230301/d200a47ebb342ae72308a1ae681ef3b4.jpeg
"Mercedes-Benz Atego, 2004",https://i.cars.kg/preview/r/hVUBvSWq9zna-8mjiOMCIg/1080x-/20230228/763c71089361b87a3db52bfe00fb0f9c.jpg
"Mazda MPV 2 поколение JP-spec минивэн 5-дв. , 2000",https://i.cars.kg/preview/r/r3ck7U_wWbKWrP9VlVtGaw/1080x-/20230228/b24b40fa8f5f16028db782cc70ba0ad6.jpg
"Lexus ES 6 поколение [рестайлинг] Седан , 2018",https://i.cars.kg/preview/r/rJRPKQg3m4j--J_d2DDNTQ/1080x-/20230228/68cda25df03c875b362f583ccbb46ace.jpg
"Volvo FH-12, 1999",https://i.cars.kg/preview/r/6WB2Jer4STViQTaYzoE2Ug/1080x-/20230228/99b4827e67eb3b194fa012b8829b0ee5.jpg
"Honda Odyssey 2 поколение Минивэн , 1996",https://i.cars.kg/preview/r/2j0hn24ieXiWZGLOSX5Ryw/1080x-/20230228/d0aba24bef99f7ceeace66bde7856928.jpg
"Toyota RAV4 , 2022",https://i.cars.kg/preview/r/K2VW2rvR8gPwewoY7ySq4g/1080x-/20230228/64ad1192512527dda34df59144b3687e.jpg
"Honda Fit 1 поколение Хетчбэк , 2003",https://i.cars.kg/preview/r/y61zYihKkt1eZ7kAHNrbgQ/1080x-/20230228/bf82a1346e177d53a2c972e77e6ac3e0.jpg
"Daewoo Lacetti , 2004",https://i.cars.kg/preview/r/bEffcNBr0Ft6UlxKlciFsQ/1080x-/20230228/ba94b2e7aaa00ba8e5eaa6db490c541d.jpg
"Volkswagen Passat B5 Седан 4-дв. , 1999",https://i.cars.kg/preview/r/LNWbYl8QSx3LSErpMfdnfQ/1080x-/20230228/ac38d655efe68061e14a08446cb4ec81.jpg
"Hyundai Santa Fe , 2018",https://i.cars.kg/preview/r/bdBTB_FXc0KWGvLcMIrkow/1080x-/20230228/0a9252aa5edba0875d564697d6eeee82.jpg
"Hyundai Sonata YF Седан 4-дв. , 2018",https://i.cars.kg/preview/r/jfNnV60XPvlPuxqwqhRInA/1080x-/20230228/65acb4b1724ecd2443f47ea71a06f311.jpg
"Honda Inspire 4 поколение Седан , 2003",https://i.cars.kg/preview/r/8bHCjItm0yyKtgW4RoJfYw/1080x-/20230228/5568462ea6c3d68ff8ca2de58daf66c7.png
"Toyota RAV4 4 поколение [рестайлинг] Кроссовер , 2018",https://i.cars.kg/preview/r/4TPvCNhJyoNikG6LIE0jrg/1080x-/20230228/9bc2f66ce6a5da217ca7e455f860a593.jpg
"Toyota Camry XV30 [рестайлинг] Седан , 2005",https://i.cars.kg/preview/r/Wg1c6Fs-JR61hZWUfdgAuQ/1080x-/20230228/973252768e569885c82bd37cb75f74e2.jpg
"Opel Vectra A Седан , 1993",https://i.cars.kg/preview/r/idPhXIdILgDcvZfrIc7PQg/1080x-/20230228/9ac8b12c79d48b7d98664d212fa104c1.jpg
"Toyota Camry XV50 Седан 4-дв. , 2013",https://i.cars.kg/preview/r/WHZCGWBRDn55go1cP6uHOA/1080x-/20230228/c8380457d537f75dc7576ac4d9abf0b1.jpg
"Toyota Highlander 3 поколение Кроссовер , 2016",https://i.cars.kg/preview/r/2ROw6Is3k3IDsfjJpipeJQ/1080x-/20230228/feb404c0227cdf4920e26dd112c0b66b.jpg
"Honda Civic 7 поколение Хетчбэк 5-дв. , 2002",https://i.cars.kg/preview/r/mxAnA67kprDU2038mOpzxw/1080x-/20230228/0689592693864eaf67d297c3a4929a38.jpg
"Hyundai Starex , 2005",https://i.cars.kg/preview/r/8a1fBzpExuHeaDHhLKyApg/1080x-/20230228/39a026b1cc3e4342ac8b37c2566e7ac6.jpg
"Toyota Prius 4 поколение Хетчбэк , 2015",https://i.cars.kg/preview/r/ajn4feeLRvZGLizyWcFocw/1080x-/20230228/6f212c551a4d4bc590ef6a70fe3baeac.jpg
"Kia , 2017",https://i.cars.kg/preview/r/-284kQhsc3hbICCWgzS9Hg/1080x-/20230228/1af818f855819f7195a6fb95f9ecb60f.jpg
"Nissan Serena C23 Минивэн , 2000",https://i.cars.kg/preview/r/qSaL2yc98C_dLnwMN_kEHg/1080x-/20230227/095f9ed93b1f87290a1982bb4abee23f.jpeg
"Honda Accord 7 поколение Седан , 2005",https://i.cars.kg/preview/r/sqvCKrHzEnhQZc7WqKYO_w/1080x-/20230227/8f1cf4dadefd7cc5348c0fb4ce5c3a53.jpg
"Toyota Camry XV40 [рестайлинг] , 2009",https://i.cars.kg/preview/r/cF52cpH93Nj2cdH4JDRdXA/1080x-/20230227/4ea31f2dc24a6b032e711bac0801a70c.jpg
"Toyota Prius C , 2018",https://i.cars.kg/preview/r/0U-h8BHSo983KFsNQEl-Yg/1080x-/20230227/7ff661a024efd0ac6e8290ab653afbf5.jpg
"BMW 5 серия E34 Седан , 1992",https://i.cars.kg/preview/r/J6IPxNYV91vc6LXyQAevCw/1080x-/20230227/63a5c03b3138f0e2c88987234fbbf20b.jpg
"Toyota Camry XV50 [рестайлинг] Седан , 2015",https://i.cars.kg/preview/r/9DQY-c-Q73e9Li2Tb0lX3g/1080x-/20230227/618b61dd96380b8c4cc9783b03bd5f57.jpg
"Lexus RX , 2004",https://i.cars.kg/preview/r/UQnHImfW-dh2V6Z5koMOPw/1080x-/20230227/1850ad8315af1aa401759d35bbef4569.jpg
"Subaru Outback 4 поколение Универсал , 2010",https://i.cars.kg/preview/r/pzgLRgmsKY6W2p_6GSXUsw/1080x-/20230227/7bf2d5241394e820099d76965cb571f7.jpg
"Mercedes-Benz S-Класс W220 Седан , 1999",https://i.cars.kg/preview/r/ir1knnpciCrWTs6IdstHMQ/1080x-/20230227/fe2c5ddad5000db4f19cbc25ba0d700a.jpg
"Chevrolet Niva 1 поколение [рестайлинг] Внедорожник 5-дв. , 2012",https://i.cars.kg/preview/r/X2Ofy8-d0bEPft8UHywCYw/1080x-/20230227/714cf3f48ea2a41f94f8df5ea2f95a3c.jpg
"Kia Sorento 3 поколение Prime кроссовер , 2016",https://i.cars.kg/preview/r/PPgzlryUGyCzoLiN_3KCuA/1080x-/20230227/aa803c4e859a1a4f0b317fda22580404.jpg
"Toyota Camry XV50 [рестайлинг] Седан , 2016",https://i.cars.kg/preview/r/e0uj-NW-68N2JCPtdem3LA/1080x-/20230227/9372e6c7bef6295b69d0b35d950f9525.jpeg
"Nissan March K12 Хетчбэк , 2004",https://i.cars.kg/preview/r/Hctpf4RaKPYyVrYuDZt5rQ/1080x-/20230227/e300456dfa85f2b27113e820dd7579c3.jpg
"Hyundai , 2020",https://i.cars.kg/preview/r/vnQkTCloLSCMIFmn12m7FA/1080x-/20230227/c5b03e892a5af3b65df1430634674466.jpg
"Porsche Cayenne 957 Кроссовер , 2009",https://i.cars.kg/preview/r/BHNdsFtbQIr5ygAqgEl4Eg/1080x-/20230227/59f60f66ee6e7dfef2069575a551ca12.jpg
"Hyundai Sonata , 2018",https://i.cars.kg/preview/r/aUuYjYnxt4YAy2oD_Uztaw/1080x-/20230227/26118614ff6748e2288397ac633a1f35.jpg
"Kia Rio , 2019",https://i.cars.kg/preview/r/FMO8cC9Od3McrJvNdZ7r5A/1080x-/20230227/866951960988f52835340f061b1e77bf.jpg
"Toyota Hilux Surf , 2000",https://i.cars.kg/preview/r/KNIJ5A7zTqyfjzRrZzOo4A/1080x-/20230227/95c6f34deab8b5a35ff2f3ac2fcd86c7.jpg
"Lexus LX 3 поколение [рестайлинг] Внедорожник , 2014",https://i.cars.kg/preview/r/n2SvphSJebC4Kl_QiB6tZw/1080x-/20230227/96e2dc21bbba3244c96c9b48a6822326.jpg
"Lexus LX 3 поколение [рестайлинг] Внедорожник , 2013",https://i.cars.kg/preview/r/k-b6zBNrBVfEShx0IRxVOA/1080x-/20230227/5b375d0c33f611dc509f6670464c639b.jpg
"Hyundai Santa Fe , 2016",https://i.cars.kg/preview/r/1PdZA0SrIPlzOU-uTSFG_w/1080x-/20230227/4eb47d43e9dc9e08169dca41e842d4da.jpg
"Toyota Yaris P1 Хетчбэк 3-дв. , 2000",https://i.cars.kg/preview/r/20df0uVxhNkv9foNoJ_rXg/1080x-/20230227/3f79e4e3349a24dd69aaa2427d71f518.jpg
"Kia Sorento 3 поколение Prime кроссовер , 2020",https://i.cars.kg/preview/r/uFghTlgkh_z3M6dq61IXEA/1080x-/20230227/3fc8f0b0d828215dbba062e1bfdf54e0.jpg
"Lexus RX 3 поколение Кроссовер 5-дв. , 2011",https://i.cars.kg/preview/r/57SDBqIbYyOLKasm1vVkhg/1080x-/20230227/c4c589e2402c82ab1959a5f3492ceb6c.jpg
"Mazda 626 3 поколение Седан , 1988",https://i.cars.kg/preview/r/MwGKRbqMJ5o5QP2yNHfDVA/1080x-/20230227/d3f97ae78911f6e9a21fa073604ea7d4.jpg
"Subaru Subaru Forester , 2010",https://i.cars.kg/preview/r/Pfkml7Pi04pBsKZHK4Nbdw/1080x-/20230227/cc33ee751da383b490ac7bdd97d169d5.jpg
"Toyota Highlander , 2007",https://i.cars.kg/preview/r/rvaLbAjZf1lTEDMCli6vuw/1080x-/20230227/57a9b2709b6162cdf4778167d4fe3d33.jpg
"Honda Jazz 1 поколение [рестайлинг] Хетчбэк , 2005",https://i.cars.kg/preview/r/vudaHti5PaY60U2dQhrbgA/1080x-/20230227/27099170d8edf1b4ab8947037589a1cf.jpg
"Lexus RX 2 поколение [рестайлинг] , 2006",https://i.cars.kg/preview/r/X_Se0mEfmJpLF0OGKhdFYg/1080x-/20230226/c8b1b2117f8a498e4ba1e051cd9b6335.jpg
"Toyota Tundra 2 поколение Crew Max пикап 4-дв. , 2008",https://i.cars.kg/preview/r/K3fGymzPAhSimp5gKqZ3-A/1080x-/20230226/400e7f357fe3953630cf2dac0062af45.jpg
"Honda CR-V 1 поколение [рестайлинг] Кроссовер , 2000",https://i.cars.kg/preview/r/wqI1oNzxiIX-MX_oaH3TmQ/1080x-/20230226/12e6a90d0664c67e1e55fa9a3287de31.jpg
"Toyota Camry XV40 [рестайлинг] Седан 4-дв. , 2010",https://i.cars.kg/preview/r/XOuO_g4Cv-YWYNux3c-0Cg/1080x-/20230226/d291cddd0f2bc527224bf5454b2541e1.jpg
"Toyota RAV4 , 2019",https://i.cars.kg/preview/r/vQBFUBW6dFw9i-q7zzk-0g/1080x-/20230226/c0e3e63bd20e9da0807a4aa06d156000.jpg
"Daewoo Matiz M150 [рестайлинг] Хетчбэк , 2012",https://i.cars.kg/preview/r/gfF-pioln_KCSR3syRoD-A/1080x-/20230226/5ed342d4750e1a84415b2e252a0955f0.jpg
"Toyota 4Runner , 1999",https://i.cars.kg/preview/r/3gp5ylpwnew99EEQR1s46w/1080x-/20230226/ec3a123318540b0428819395af3a1bde.jpg
"Hyundai Avante XD Седан , 2002",https://i.cars.kg/preview/r/AuKtsMot1ZKdEOv_zf_yeQ/1080x-/20230226/52bc7603e8d27d3382e8cd68d49c1fe7.jpg
"Honda Jazz 1 поколение [рестайлинг] Хетчбэк , 2006",https://i.cars.kg/preview/r/2vTGZyh7GZ0qtowExSALiQ/1080x-/20230226/965827eb223d6fd231ef9a9f00c9e420.jpg
"Kia Sorento 3 поколение Prime кроссовер , 2016",https://i.cars.kg/preview/r/Z40zSRPdtfaMHqDaFGLgtw/1080x-/20230226/82757438507a57363dfc3c17afe94d32.jpg
"BMW 5 серия E60/E61 [рестайлинг] Седан , 2007",https://i.cars.kg/preview/r/RlzEY-XjcLCIVYa-XfeOLA/1080x-/20230226/a29ddeaaa43d2b8670b531c61c6fd478.jpg
"Honda CR-V 3 поколение [рестайлинг] Кроссовер , 2011",https://i.cars.kg/preview/r/bTFSX7rx0YZ7m18k3_mkXA/1080x-/20230226/1115383b96b7be5bd52f958c5e815af4.jpg
"Toyota Prius 3 поколение [рестайлинг] Хетчбэк , 2015",https://i.cars.kg/preview/r/uPD68Jtzl1sPalnT44HLzw/1080x-/20230226/2829fef3b2e66b2ff3e22a92a7b1eb8e.jpg
"Lexus NX 1 поколение F-Sport кроссовер 5-дв. , 2016",https://i.cars.kg/preview/r/KwPcp7LOmsrcIn4Eswn_lw/1080x-/20230226/74635c934c4524dd77cc4974e6da7068.jpg
"Honda Accord 9 поколение Седан , 2018",https://i.cars.kg/preview/r/QBbKBVRqAg3dN9e8PxIOyw/1080x-/20230226/883f118fc55a88f13e343c998e08cabd.jpg
"Land Rover Range Rover Sport 1 поколение [рестайлинг] Внедорожник , 2010",https://i.cars.kg/preview/r/EaPYmp-PsAi7GR2VftNd5w/1080x-/20230226/45a84a78a559fdd7cb5b300fb2d575d3.jpg
"Toyota Highlander 2 поколение [рестайлинг] Кроссовер 5-дв. , 2010",https://i.cars.kg/preview/r/gyUr7keDmsuIp4EQbyz02g/1080x-/20230226/2a2f642d581168653d0d07db68b200d6.jpeg
"Hyundai Sonata , 2017",https://i.cars.kg/preview/r/btM7PkHqRniSf2yQvZOcHw/1080x-/20230226/f086f43961001861379c2192b5313f62.jpg
"Toyota Camry XV50 Седан 4-дв. , 2016",https://i.cars.kg/preview/r/r10BLteW6d9BT4vo187pMw/1080x-/20230226/54be328c5eae5f3623186d98541889b5.jpg
"Hyundai Sonata , 2017",https://i.cars.kg/preview/r/4pXUGf7lKwSln4KYHkGLSQ/1080x-/20230226/2c490f04785fed34595c6a8603dfd9c3.jpg
"Lexus GX 1 поколение Внедорожник , 2008",https://i.cars.kg/preview/r/dGAWV2D7llZaMkpn30sXtg/1080x-/20230226/39ece6111d6417baa83b0fd5d785378e.jpg
"Volkswagen Golf 4 поколение Хетчбэк 5-дв. , 2002",
"Daewoo Nexia 1 поколение Седан 4-дв. , 2006",
"Honda CR-V 3 поколение Кроссовер , 2008",https://i.cars.kg/preview/r/FxHrfF_3qnhKPDRHxjihpA/1080x-/20230226/028313f661006ef04682d141bc4de7ef.jpg
"Honda CR-V 3 поколение Кроссовер , 2007",https://i.cars.kg/preview/r/Sf9w6UL-5Msr-wbahhwmtg/1080x-/20230226/18f09455ce61b4cd5842f6a082a1449b.jpg
"Toyota Avensis 1 поколение [рестайлинг] Хетчбэк , 2002",https://i.cars.kg/preview/r/of8F3Ug4ukZF2Vc5SOkw1w/1080x-/20230226/af37bf0b4828d690dbf6936108ac0b45.jpg
"Mercedes-Benz E-Класс W210/S210 Седан 4-дв. , 1997",https://i.cars.kg/preview/r/7syLMgWCJRRVypBltxIWNA/1080x-/20230226/28dd8aec1cd5d786794eff79a30f36ff.jpg
"Mercedes-Benz S-Класс W220 Седан , 1998",https://i.cars.kg/preview/r/fexTlJyd4hDE-qHiAr8_3g/1080x-/20230226/43f790fc777c9157d98042666309c4a9.jpg
"BMW X5 E70 Кроссовер , 2007",https://i.cars.kg/preview/r/S5P-v2oCLBiuS6V9lYtPkA/1080x-/20230226/1211d267e71b1f35b120d6aa2afdda17.webp
"Toyota Camry XV50 [рестайлинг] , 2016",https://i.cars.kg/preview/r/tyUWffURna5RdyNwcxHKeA/1080x-/20230226/65a618a15c0bfb37f5d76ccbf3b83281.jpg
"Toyota Camry XV50 [рестайлинг] Седан , 2017",https://i.cars.kg/preview/r/pcChIiPrHdXxGq1UUGwR_g/1080x-/20230225/5ebf5a54ae061eb17e26a0ed90df8de1.jpg
"Daewoo Matiz M250 [рестайлинг] , 2005",https://i.cars.kg/preview/r/qoWW-7y2rMVDigLfKd8D_Q/1080x-/20230225/ad12cf619efcb48cd38f267c958dddba.jpg
"Daihatsu , 2005",https://i.cars.kg/preview/r/trDQOvdDePFL2UJzTXGc1A/1080x-/20230225/5efee2a49f4aa5d74e73984631048769.jpg
"Toyota Land Cruiser Prado , 2019",https://i.cars.kg/preview/r/7t7ubmHFR6jsKnJR4axqFw/1080x-/20230225/f4ff4ff50bbeefe874e80273b91ff838.jpg
"Honda Inspire 4 поколение Седан , 2003",https://i.cars.kg/preview/r/BEC37W8HLAqI4_CNMjF2JQ/1080x-/20230225/d91588a89652cd3ca1c27abf8d5a7276.jpg
"Hyundai Sonata YF Седан 4-дв. , 2018",https://i.cars.kg/preview/r/kFQ4O3MJMtNz2OFSlFIPJA/1080x-/20230225/6f11e16788d9fdef9579d563cf21ee55.jpg
"Hyundai Sonata YF Седан 4-дв. , 2012",https://i.cars.kg/preview/r/nA4vX4Q-OCNa4zs4IwOD-g/1080x-/20230225/55461a925e58f7b854b9ee33be4fa832.jpg
"Lexus NX , 2020",https://i.cars.kg/preview/r/M6Sf8ZYzDCaUUN9bdp1evA/1080x-/20230225/43cf6665c4a9b514e053c2e7250eb999.jpg
"Toyota , 2010",https://i.cars.kg/preview/r/cTcyZkUSy4gBf8JLbzh-TQ/1080x-/20230302/8bbfc194dd666ce84fa29dbca3da5af8.jpg
"Honda Fit 1 поколение Хетчбэк , 2005",https://i.cars.kg/preview/r/sO1B7NuD0LJxA7wiK205ew/1080x-/20230225/4bbe61f88f5766b2fcc1d864d3f1b184.jpg
"Toyota RAV4 1 поколение Кроссовер 3-дв. , 1994",https://i.cars.kg/preview/r/2xkJ9eqIz8Hur2qaapNd5w/1080x-/20230225/3da5813f579fefa4552b0bd65dd69611.jpeg
"Daewoo Nexia 1 поколение [рестайлинг] Седан , 2012",https://i.cars.kg/preview/r/6XK0k2_V_TiMSQLAkmsIVA/1080x-/20230225/bd5b27d54fa307dafd0c219d6ddd0ec0.jpg
"Toyota Camry XV50 [рестайлинг] Седан , 2018",https://i.cars.kg/preview/r/m0V-Bwey3qEtTHnh9yjwNw/1080x-/20230225/ba95e4245e3403cd4d1fd4a0611343ea.jpg
"Chevrolet Cruze J300 [рестайлинг] Седан 4-дв. , 2014",https://i.cars.kg/preview/r/yIuQhB6GWvLr_mpWuZq3Bw/1080x-/20230225/77050814dd35a43ad9178f017fab64a0.jpg
"ВАЗ (Lada) 2107 1 поколение Седан , 2005",https://i.cars.kg/preview/r/8moJ_8v7mixXoQwDYZ-5XQ/1080x-/20230225/0d3e7736eff2c17fc1e1306744c12007.jpg
"Mazda Demio 1 поколение [рестайлинг] Хетчбэк , 2005",https://i.cars.kg/preview/r/gB5XOJBtNFVLp2nN1UBqxg/1080x-/20230224/80b38bacf1828345c2494e5825ae6552.jpg
"Toyota Avalon XX40 Hybrid седан 4-дв. , 2019",https://i.cars.kg/preview/r/B_pNnMpaSHhXHosGisXRjA/1080x-/20230224/d79ab1ed72bc33bd6115f33932461528.jpg
"Hyundai Sonata YF Седан 4-дв. , 2016",https://i.cars.kg/preview/r/l0ZsL3z05cZv2vaBUUxvmg/1080x-/20230224/619838611a5c971ae35088ed6d8f2921.jpg
"Kia Morning 2 поколение Хетчбэк , 2017",https://i.cars.kg/preview/r/eRw7xQKDQDIVe4FqkVNpvQ/1080x-/20230224/85b51afe836d07989955f04375713f9e.jpg
"Honda Fit 1 поколение Хетчбэк , 2004",https://i.cars.kg/preview/r/ahoORKbtbxtwrywzzbVJBw/1080x-/20230224/3bf89e2f704e48d6c1daa234b9ceec31.jpg
"Hyundai Elantra MD Седан , 2015",https://i.cars.kg/preview/r/U3mbpSTUQWcM14vidNbl3g/1080x-/20230224/7bba3216ea8bf1c6c80356bc09699642.jpg
"Hyundai Sonata YF Седан 4-дв. , 2015",https://i.cars.kg/preview/r/juSztm4dmeTDAWXPkuoV5A/1080x-/20230224/07dad11a731ce3ae3cb147f04682f400.jpg
"Toyota Camry XV50 [рестайлинг] Седан , 2017",https://i.cars.kg/preview/r/klz00kibtDCks9GMUwttvQ/1080x-/20230224/1a3174f42b5c4162a03d0610760e5477.jpg
"Toyota Camry XV50 [рестайлинг] Седан , 2017",https://i.cars.kg/preview/r/Kq1o_s4ZK4EX8LEPuen2FQ/1080x-/20230224/3cc5b1b94b9eadf89dad5056c42b2627.jpg
"Honda Fit 1 поколение Хетчбэк , 2003",https://i.cars.kg/preview/r/up7in9O6N9lt-oKeDfXekQ/1080x-/20230224/6feb7903c5e0fff48ac008ad2b5e484f.jpg
"Toyota Camry XV50 [рестайлинг] , 2017",https://i.cars.kg/preview/r/OeBDMAOUzwIvNjo4gozljg/1080x-/20230224/f13fa63aa433d853873a6eb7a1c7e983.jpg
"Hyundai Solaris 1 поколение Седан , 2011",https://i.cars.kg/preview/r/Qe5pxh-dp0ums0Wd-IXJlw/1080x-/20230224/7ec72747f9c5bc625b75b4ccc8982b25.jpeg
"Land Rover Range Rover 3 поколение [2-й рестайлинг] Внедорожник , 2012",https://i.cars.kg/preview/r/9xVR65Jm3Omuin6e7xya5Q/1080x-/20230224/fb7d7f0a2b01f12c992c2b8b643f84d2.jpg
"Nissan Pathfinder R50 [рестайлинг] Внедорожник , 2003",https://i.cars.kg/preview/r/qoAwv-8FCotgKUb4eZcdYw/1080x-/20230224/3a7a8adb8d61c0260cc6d1a95ee488bd.jpg
"Toyota Camry XV50 Седан 4-дв. , 2013",https://i.cars.kg/preview/r/mCkQgIh-FxCDAc_zMeYarQ/1080x-/20230224/d255ff4b02e8a8f2d36ea423d59c6b26.jpg
"BMW X6 F16 Sports Activity Coupe кроссовер , 2016",https://i.cars.kg/preview/r/7nFVtFGIDuMu0wfoNGdRuQ/1080x-/20230224/425555c070011dcafdc01d08576b6e1f.jpg
"Honda Inspire 4 поколение Седан , 2005",https://i.cars.kg/preview/r/GvBad0f3wwJ0aBqTPkMBVA/1080x-/20230224/caa22cd2d2e1eb6b22c2e090a7622ec1.jpg
"Chevrolet Volt 1 поколение Седан , 2016",https://i.cars.kg/preview/r/EeBewlCW8bH3mbTsTltfGw/1080x-/20230224/a213ed81d47bd4f5d14e6a72a86400dd.jpg
"Mazda Demio , 2001",https://i.cars.kg/preview/r/PJ-kAVGB6w6cZ_3Sev717g/1080x-/20230224/45fc8cf16b1a816f637c94f0abbf5ce5.jpg
"Mercedes-Benz E-Класс W210/S210 Седан 4-дв. , 1996",https://i.cars.kg/preview/r/u28GP6obdUXrGMZR6-IvXw/1080x-/20230224/a46b57953e3202948e9d84a96db51d57.jpg
"Hyundai Palisade , 2020",https://i.cars.kg/preview/r/7uvkXLVh5XD5xMBrfXnXBA/1080x-/20230224/206e971d199ba31db8ddeac81e50a758.jpg
"Hyundai Elantra MD Седан , 2017",https://i.cars.kg/preview/r/fBUlPPKzF_yvZrjj77s3sw/1080x-/20230223/48794067c83e868860a68a1f40a24eca.jpg
"Volkswagen Golf 4 поколение Хетчбэк 5-дв. , 1998",https://i.cars.kg/preview/r/zqEFyWl4mllig7lwtv2A-A/1080x-/20230223/63d8955ef9779db3f3c3136bceb5f3af.jpg
"Mercedes-Benz E-Класс W210/S210 Седан 4-дв. , 1998",https://i.cars.kg/preview/r/-_4xQ3GEiodeS-UfCzoKwQ/1080x-/20230223/67c532b961d26f6e6f34c1838b8f0ee1.jpg
"Honda Odyssey 2 поколение Минивэн , 2002",https://i.cars.kg/preview/r/kfkpX5__VVj6er5hI3-0ng/1080x-/20230223/dc8e739e4cce38a5e4400fc5e77d557b.jpg
"Toyota Camry XV30 [рестайлинг] Седан , 2006",https://i.cars.kg/preview/r/bHyIuZfXWCYhaHcJ3wfz6w/1080x-/20230223/54f23de966626dd4fd24c226528a353e.jpg
"Toyota Granvia , 2021",https://i.cars.kg/preview/r/TyJgk6oet-5ehfgvIPqSdg/1080x-/20230223/34ccacaba5b04619623d9aae31f063dd.jpg
"Subaru Outback 5 поколение Универсал , 2017",https://i.cars.kg/preview/r/tQ0wx9DqIn0REh5F821-Ng/1080x-/20230223/a8c3308b87bf1ecad25ab03b36b2244c.jpg
"Chevrolet Malibu 5 поколение Седан , 2016",https://i.cars.kg/preview/r/VJhcXXabjxLShPgmkpyNfQ/1080x-/20230223/21b44eae21b2909d58ac3ce05248b263.jpg
"Hyundai Sonata YF Hybrid седан 4-дв. , 2015",https://i.cars.kg/preview/r/QOg3lRkN8RwHiHTf_3bMxw/1080x-/20230223/170807c360f551f0afddcd0a15af8fac.jpg
"Toyota Camry XV50 [рестайлинг] Седан , 2015",https://i.cars.kg/preview/r/eQWVh3u0lScITemnUcddQQ/1080x-/20230223/fce6d8638a3db664aabe5c4e588078e3.jpg
"BMW X5 E53 [рестайлинг] Кроссовер , 2005",https://i.cars.kg/preview/r/LOP0Nqarq0oK-fQW35XWKQ/1080x-/20230223/b37ed1dd725767c5d3a2bfc7d06b5ce0.jpg
"Honda CR-V 2 поколение Кроссовер , 2004",https://i.cars.kg/preview/r/Snou8DgXup57znIbflLcuw/1080x-/20230222/6c8f5961535ce6f14ce89082e5a47064.jpg
"Chevrolet Cruze J300 Седан , 2011",https://i.cars.kg/preview/r/ec9pUK2ndqWcH10qR3WxtQ/1080x-/20230222/7aa1e74ee5ecad58aae6475a78595219.jpg
"Audi A6 , 1996",https://i.cars.kg/preview/r/XSdtwrI5v1DK68bPlZfNcA/1080x-/20230222/a322d12262a5264fd7f733923af02f69.jpg
"Mercedes-Benz E-Класс W211/S211 AMG седан 4-дв. , 2003",https://i.cars.kg/preview/r/P0tJqJhotd8GqQjsr-xcOg/1080x-/20230222/dc8fe10f99b8c44c4e6fe1c19da6cf0b.jpg
"Toyota Camry XV50 Седан 4-дв. , 2012",https://i.cars.kg/preview/r/SW9IoW5perOfmBvGP1uAWg/1080x-/20230222/cf3fef57f9078d81e2fa4710a69dad5e.jpg
"Mercedes-Benz Sprinter W906 Микроавтобус 4-дв. , 2006",https://i.cars.kg/preview/r/wdcmDpb1Q8vo7unaBa8qEg/1080x-/20230222/231ff1d53257c7812aadb8a1c67f423c.jpeg
"Nissan Almera G11 Седан , 2014",https://i.cars.kg/preview/r/SFymjqA4XL6IhUNxZ0GVcQ/1080x-/20230222/d9e8bc4c252314ae4323c4fa97fa0e44.jpg
"Kia K5 1 поколение Седан , 2013",https://i.cars.kg/preview/r/wPb79vbWsvtO1VL0a92N_w/1080x-/20230222/bafd1781fb5527d7de84a70842f47499.jpg
"Mazda 3 BK [рестайлинг] Седан , 2008",https://i.cars.kg/preview/r/a-vHE86MBObZS094hiVf_w/1080x-/20230222/c8b8f6da8b268fee94dc03c76df93dba.jpg
"Toyota Ist 1 поколение Хетчбэк , 2003",https://i.cars.kg/preview/r/AGgd2NasewCwuSoB-LMgUw/1080x-/20230222/d99a92b1e17a554e8379e6a160d61aad.jpg
"Lexus LX 2 поколение Внедорожник , 2007",https://i.cars.kg/preview/r/NFpKzD1SPhPOan7JDChd0A/1080x-/20230222/1c0c9abce46f153e2ddc8d7e99f8161b.jpg
"Lexus RX , 2001",https://i.cars.kg/preview/r/njJixI24ni9NFBBVN6OPpQ/1080x-/20230222/6e96d5f34b0c390cc93accef0b729b57.jpg
"Hyundai Santa Fe DM [рестайлинг] Premium кроссовер , 2016",https://i.cars.kg/preview/r/vF9EeFiL7ZJKUX2z9DXoFw/1080x-/20230222/e0933aadf71c07f7be5c84c429477eff.jpg
"Honda MN-V, 2022",https://i.cars.kg/preview/r/l9raklWP6tg-Bcj8T5hGbA/1080x-/20230222/e8d53ec8986c3565162a538beef83c10.jpg
"Volkswagen ID.4 X Pure Plus, 2022",https://i.cars.kg/preview/r/CHXyTUjs84bbUSuIIlhqEg/1080x-/20230222/3598a00f4211d75de3000f84d807f92a.jpg
"Lexus GX 1 поколение Внедорожник , 2007",https://i.cars.kg/preview/r/3jiSfRW5qWkGaLy5SbjnIA/1080x-/20230222/7616ec71e395d0091ea8337dc0df1f25.jpg
"Honda Stream 1 поколение Минивэн , 2002",https://i.cars.kg/preview/r/KzuKsTv_9aqFWGAE4GITaQ/1080x-/20230222/d6ae880bf3b936ddc745cb13e4b87254.jpg
"Hyundai Getz 1 поколение Хетчбэк 3-дв. , 2004",https://i.cars.kg/preview/r/6mRSCrbQPulCWDEwCOIa2A/1080x-/20230222/528fef0b4f123bc8c7f545cb29f3b67e.jpg
"Kia Sorento , 2017",https://i.cars.kg/preview/r/GekxvWOH81YMaqQZFPdwzQ/1080x-/20230222/a446771c166911d5db48d0401b661171.jpg
"Hyundai Sonata YF Седан 4-дв. , 2011",https://i.cars.kg/preview/r/b5FJlMkVjhZUUQ9fBPiGwg/1080x-/20230309/dc2a40793c051a3b4a4a0dd4f75935c1.jpg
"Hyundai Elantra MD [рестайлинг] Седан , 2017",https://i.cars.kg/preview/r/ZuZQ1dMDHoxvRDw4ENYHAA/1080x-/20230222/dc499577087273aceb5a5901cb5578e7.jpg
"Lexus RX 2 поколение [рестайлинг] , 2006",https://i.cars.kg/preview/r/h69mXYfQM0uq5tvPGPjrBg/1080x-/20230222/0c956ab0cbdf87671d9a2338a56d559e.jpg
"Honda Fit 1 поколение Хетчбэк , 2001",https://i.cars.kg/preview/r/9XLYFXnWf7zrloDRSFwJeA/1080x-/20230222/64374ee0b7febdfc7b6c2b4f6bd782be.jpg
"Hyundai , 2022",https://i.cars.kg/preview/r/b1kdFGOuGEovnm9NUVNKWg/1080x-/20230222/67262ae9b973a0e53ebc37ec4ff2242f.jpg
"Kia Sportage 4 поколение Кроссовер , 2016",https://i.cars.kg/preview/r/WRmRKD1dVPvYew_LGDWdBw/1080x-/20230222/a75c7a8caf14f4f3fb6248b3bb889a9b.jpg
"Hyundai Grandeur HG Седан , 2018",https://i.cars.kg/preview/r/0wRGpskGFUsVkESd6S2FbA/1080x-/20230222/93552e7764e3b76b201c7cfda3d59232.jpg
"Toyota Crown S180 [рестайлинг] Седан , 2005",https://i.cars.kg/preview/r/Bib93SFMBXyqkwtCtsFrgw/1080x-/20230221/b5078e583ce93efcb3795f7a3a4ec3cf.jpg
"Hyundai Santa Fe DM Кроссовер 5-дв. , 2014",https://i.cars.kg/preview/r/6JLSMq5vMDiw8w4jW9QeGw/1080x-/20230221/8d93b8c3cb5d0ffab47803828b1863a4.jpg
"Toyota Ipsum 2 поколение Минивэн , 2001",https://i.cars.kg/preview/r/lETIUNlim9A-BBB70GwuyQ/1080x-/20230221/852bf91342412f9f52c5efd3c5c4b018.jpg
"Toyota Camry XV50 [рестайлинг] Седан , 2016",https://i.cars.kg/preview/r/W8q_6P-xX5rckeq9A9WLTw/1080x-/20230221/4a0dab21e4aa5b0d3d9749195a8e2eec.jpg
"Toyota Camry XV50 [рестайлинг] , 2016",https://i.cars.kg/preview/r/SR4qPV8mFeAALvpPeGCpDA/1080x-/20230221/3a4e0a2bd13052d48ce152f1cc2ca260.jpg
"Honda Civic , 2003",https://i.cars.kg/preview/r/Xv0fRzHdlFtGpGAwMEriAw/1080x-/20230221/3f5c411f2477ba0077b1e3d44777a84f.jpg
"Toyota Vitz XP10 Хетчбэк 5-дв. , 2000",https://i.cars.kg/preview/r/MZC_2FV-C5O_WBLGSlgGKA/1080x-/20230221/8d9fabec74b087b828fff457df362be9.jpg
"Honda Jazz 1 поколение [рестайлинг] Хетчбэк , 2005",https://i.cars.kg/preview/r/ZQpp9hRLVtqHqetkI5KUew/1080x-/20230221/9fe8ff8f46dee4291d96fed70864c340.jpg
"Honda Fit 1 поколение Хетчбэк , 2003",https://i.cars.kg/preview/r/Ynw3eqEVJjSCu4xNewHhTw/1080x-/20230221/2faeb60bd3a26d0a9ab8c79ce81f7938.jpg
"Honda Inspire 4 поколение Седан , 2003",https://i.cars.kg/preview/r/fdw0rK232NXEb7ze6QHHpg/1080x-/20230221/1b774b34f3cd7a204a08b0244c43699a.jpg
"BMW X5 E70 [рестайлинг] Кроссовер , 2012",https://i.cars.kg/preview/r/OQEO19-Kjjavo-VPSPpvZg/1080x-/20230221/d1c8d6500c885fe31c9ed7ae7ee9b191.jpg
"Honda Stepwgn 3 поколение Минивэн , 2005",https://i.cars.kg/preview/r/fZ2Q5rVAOoy93sTvebgNNA/1080x-/20230221/743f507382c47e24160fdec2d1b0d1e1.jpg
"Honda Stepwgn 2 поколение Spada минивэн 5-дв. , 2003",https://i.cars.kg/preview/r/q9VEMWuc1oSAGd1uxcAtlA/1080x-/20230221/8480074738e103f662f58078ca647659.jpg
"Ford Mustang , 2005",
"Lexus LX 2 поколение Внедорожник , 2003",https://i.cars.kg/preview/r/AIlD8YFE7zMG4mZ_y9S4fg/1080x-/20230221/3d26c39a2574559bcff49733882d501e.jpg
"Daihatsu YRV 1 поколение Минивэн , 2001",https://i.cars.kg/preview/r/uKAY8M7O5swy6cxlRqC15Q/1080x-/20230221/cf301ac8c9f9a7e75b65d14243bad764.jpg
"Honda Stepwgn 2 поколение Spada минивэн 5-дв. , 2005",https://i.cars.kg/preview/r/VM8cFNuWHZiuaIOtHM-fvA/1080x-/20230221/0ae1fa664fba9ece20dbeed3284c50d4.jpg
"Lexus RX 3 поколение Кроссовер 5-дв. , 2011",https://i.cars.kg/preview/r/eSWSai5Lgh4NqxCWHxx-EA/1080x-/20230221/dd9b141a371db2879ee7dfeef46add80.jpg
"BMW 5 серия E39 [рестайлинг] Touring универсал , 2003",https://i.cars.kg/preview/r/pqHA7KA5a9FjU2WsqxJ6Lw/1080x-/20230221/813c00ace14baacebe8acf27a8918d1d.jpg
"Mercedes-Benz E-Класс W211/S211 [рестайлинг] , 2007",https://i.cars.kg/preview/r/dn6qXRXVI2Z9momUavsFLA/1080x-/20230221/c8bf93e6e451880c0494f4dd2506be16.jpg
"Toyota Corolla E140/150 [рестайлинг] Седан 4-дв. , 2011",https://i.cars.kg/preview/r/b-zwDj6OtGFIBgXbaW_hDQ/1080x-/20230220/64a566ad79358946a01f3071c2eebd5f.jpg
"Kia Sorento 3 поколение Prime кроссовер , 2015",https://i.cars.kg/preview/r/eiZ2QzwMjJ9w4cUu02OmHg/1080x-/20230220/01ad9153721628be3b90d6674b1f5199.jpg
"Audi 80 8A/B3 Седан , 1989",https://i.cars.kg/preview/r/-dduZxiMq0rQMqQVK4EyZQ/1080x-/20230220/6fe616f9adc352d3e4d9685bad8e3103.jpg
"Kia Sportage , 2016",https://i.cars.kg/preview/r/m9CpIcugBeDu7NNgWA_CPA/1080x-/20230220/a967e67853f3d558dc47fbbd78548afb.jpg
"Toyota Aygo 1 поколение Хетчбэк 3-дв. , 2008",https://i.cars.kg/preview/r/a0n4cGJlmsMNu6UAXqE9qw/1080x-/20230220/01b5ee4128823afb244590847e3b64d2.jpg
"Toyota Corolla E170 [рестайлинг] Седан , 2016",https://i.cars.kg/preview/r/O7kh4H7pqoGKi-wLTWVUDQ/1080x-/20230220/93ec7fb868136856c1d83fb5853abb42.jpg
"Honda Accord 6 поколение , 2002",https://i.cars.kg/preview/r/_A5atkziwMtv_PfE31alfw/1080x-/20230220/ef081eaf3e450450db3bea014302c397.jpg
"Daewoo Nexia 1 поколение Седан 4-дв. , 2005",https://i.cars.kg/preview/r/ENAClUHjPrJNbFoFMid0Jg/1080x-/20230220/710b9c5391c575d189187766a8878e90.jpg
"Hyundai Palisade  , 2020",https://i.cars.kg/preview/r/b9SjjYiRjmAgTQOWLktYdA/1080x-/20230220/69fdedf699c3820f2957f57ddd9c09af.jpg
"Hyundai полисайд, 2022",https://i.cars.kg/preview/r/Q1aGgh7GBcjY_yEyYBrpmg/1080x-/20230220/6bca16f62cccc1dd7521073b84da06c8.jpg
"Toyota Alphard 1 поколение [рестайлинг] Минивэн , 2007",https://i.cars.kg/preview/r/A4xXBIgX2y7P53H-uJoiEw/1080x-/20230220/9ec392c533e0893cf2874b8697b2a86d.jpg
"Kia Carnival , 2017",https://i.cars.kg/preview/r/5GbHZ5fnps4zj54wzrV0WA/1080x-/20230220/60bc580bac81f6ec0b3f4c833371e7a9.jpg
"Mercedes-Benz E-Класс W124 [рестайлинг] Седан 4-дв. , 1986",https://i.cars.kg/preview/r/GtmZ3OmP0CE7GyjgeAEJHg/1080x-/20230220/529596fe4df638ce96c69514e534d5f0.jpg
"Volkswagen Vento 1 поколение Седан , 1995",https://i.cars.kg/preview/r/tfxWmqEDubQPFu6wzreWDw/1080x-/20230220/137981a2fd937b07f965bec4da60bcaa.jpg
"Hyundai Elantra MD [рестайлинг] Седан , 2018",https://i.cars.kg/preview/r/gCDD_RiwBZosbR1onc0ezw/1080x-/20230220/282a53879e7fac8026559811a2f278ec.jpg
"Honda Stepwgn 2 поколение Spada минивэн 5-дв. , 2005",https://i.cars.kg/preview/r/am_24nv1E7JceZ4jT1yThg/1080x-/20230219/9d274cc9adcc4d0953ef18336ad371b2.jpg
"Honda CR-V 2 поколение Кроссовер , 2002",https://i.cars.kg/preview/r/cSFE3eO5Vce_CH3yhP45Tw/1080x-/20230219/b9b9b1223c9621ee61e9a86557e3381c.jpg
"Honda Accord , 2004",https://i.cars.kg/preview/r/62yVgYWLPHlrMCYs8Qssvg/1080x-/20230219/b5ad31700762a07bf4267c6566bec611.jpg
"Toyota Camry , 2018",https://i.cars.kg/preview/r/aVE8BZ5G41sEhVrid_ianQ/1080x-/20230219/9398885031b16407937301f29aff9e26.jpg
"BMW 5 серия E60/E61 Седан , 2003",https://i.cars.kg/preview/r/7Ihvlqc-HzSLjxRZe46oWQ/1080x-/20230219/222535d688571a34aa4adf9230db717d.jpg
"Toyota Prius C 1 поколение Хетчбэк , 2016",https://i.cars.kg/preview/r/hUDMEZUpjKk6kB5ju9Akbw/1080x-/20230219/e71908ab7817b0218f57147397465f76.jpg
"Toyota Corolla E160 Седан , 2013",https://i.cars.kg/preview/r/V4QL66O8M5nA8vd7PdS25g/1080x-/20230219/5f197873ddaa9d517b70a682319b1a63.jpg
"Honda Stream 1 поколение Минивэн , 2003",https://i.cars.kg/preview/r/EKwa0h4TvakAW0hGCl0eGg/1080x-/20230219/3722a054f227e2969e5c00ae76ca7136.jpg
"Toyota Corolla E170 [рестайлинг] , 2017",https://i.cars.kg/preview/r/N65cQ3PpO5HCTl7oLgdawg/1080x-/20230219/35fd326d57a8a3e8ca7a2a0f8ec2776e.jpg
"Lexus RX 3 поколение [рестайлинг] Кроссовер 5-дв. , 2013",https://i.cars.kg/preview/r/7jZAlMx7nQRhvNeAA24wNA/1080x-/20230219/6fc3c51e93d6decc4680176a1eaeaf39.jpg
"Mercedes-Benz V-Класс W447 Микроавтобус , 2016",https://i.cars.kg/preview/r/RFcknXKqvXuYZEQsifoV4w/1080x-/20230219/851192c58977b3e52663eaa0d3e3499c.jpg
"Lexus RX 2 поколение Кроссовер , 2005",https://i.cars.kg/preview/r/vy6IwYWk_tSzetLJWgVhUQ/1080x-/20230219/7203c7f2b3fe6076544817c1ffdf0769.jpg
"Nissan Pathfinder R51 Внедорожник , 2005",https://i.cars.kg/preview/r/quP-8qMZKX-bg1QUavZDhw/1080x-/20230219/fef64557f84d41a7d1c0fb02e1e60c00.jpg
"Toyota Prius 3 поколение , 2011",https://i.cars.kg/preview/r/AFeUgwEfHb_sdaoYktz9eg/1080x-/20230219/0c890d29b198fa68bf7535f1e47c60ad.jpg
"Toyota Wish 1 поколение Минивэн , 2004",https://i.cars.kg/preview/r/ip_4rhGKwqETTlV_69nJoA/1080x-/20230219/a8145d827a2ea148fb6afab8c94393f0.jpg
"Honda Stepwgn 3 поколение [рестайлинг] Spada минивэн 5-дв. , 2008",https://i.cars.kg/preview/r/alPAVARUqFhDCyyOE_xKfQ/1080x-/20230219/4ae9ceb32c5f1170c66493dcd7ee1836.jpg
"Toyota Highlander , 2021",https://i.cars.kg/preview/r/Q3e1p_zb-q1Myr_dTAwwpw/1080x-/20230218/1cc4a30275399759d35d7ac39d757cf4.jpg
"Nissan Primera P12 Седан 4-дв. , 2005",https://i.cars.kg/preview/r/ASR7rk1vRT8TrbpdhiNvNw/1080x-/20230218/8e77dd6f45b1fe0a76efc5d7fa623152.jpg
"Mercedes-Benz S-Класс W220 [рестайлинг] Седан , 2003",https://i.cars.kg/preview/r/-63v8BStCXCBwphtY4QjLA/1080x-/20230218/8ce1f9e094e1bb715ae6ed716b8689de.jpg
"Toyota Altezza XE10 Gita универсал , 2001",https://i.cars.kg/preview/r/R3SokgTTwKUtRfQnrDxBPg/1080x-/20230218/7574fee26ef4e2e8658a0ecdd1807a09.jpg
"Toyota Raum 2 поколение Минивэн , 2003",https://i.cars.kg/preview/r/EY8Ny9NE8F9rNQAoQd0Lag/1080x-/20230218/d1b9c0df1c335ac88638b085dbfed05a.jpg
"Kia Carnival 2 поколение , 2016",https://i.cars.kg/preview/r/Spsa0Wap-o_EywFbA51Ctg/1080x-/20230218/73bdc367c2f5ce98d047c579a55d7eff.jpg
"Hyundai Santa Fe DM [рестайлинг] Premium кроссовер , 2016",https://i.cars.kg/preview/r/1QqmpWZ9YmSu_ozP_xwrwQ/1080x-/20230218/e1808d60fc055c6c9e1c3978d2769405.jpg
"Lexus GX 1 поколение Внедорожник , 2003",https://i.cars.kg/preview/r/pcomA5lgcvK92eiBiNBUvg/1080x-/20230218/145ccb5e81e3392b260e7d24944da170.jpg
"Mercedes-Benz C-Класс W203/S203/CL203 Универсал 5-дв. , 2003",https://i.cars.kg/preview/r/M4oNJV5r__ufNpYD5mGS1A/1080x-/20230218/c86486036291929da09916bd40e29fb2.jpg
"BMW 5 серия E60/E61 , 2003",https://i.cars.kg/preview/r/ozbzfSmvprYCDNenjeW4xQ/1080x-/20230218/e926eb7f853982b444c745312a56769d.jpg
"Nissan Skyline , 2003",https://i.cars.kg/preview/r/dXNOigeqDs5wFeUwZ6lZ0A/1080x-/20230218/b8856b39eed4b4edb8a82ca7a2f3598c.jpg
"Mercedes-Benz E-Класс W210/S210 [рестайлинг] Седан , 2000",https://i.cars.kg/preview/r/nfksOF3yd0yY74NSSdo8Gg/1080x-/20230218/2968b38947d1f4ae2b4331803af54221.jpg
"Mercedes-Benz E-Класс W211/S211 Седан , 2002",https://i.cars.kg/preview/r/Te4S99r2hliCSVKcWbeJ_Q/1080x-/20230218/250bb3386cf146b85894c6a430c09d03.jpg
"Subaru Legacy 4 поколение Седан , 2005",https://i.cars.kg/preview/r/yQoL3ZqTgnLPcuwFOdmhBg/1080x-/20230218/aabb68c6f0cde8323af0814e93f5a9b5.jpg
"Honda Jazz 2 поколение [рестайлинг] Хетчбэк 5-дв. , 2011",https://i.cars.kg/preview/r/30d0I7sNmdSH1xYO6qiANw/1080x-/20230218/a78767eafb0605035aa13e91253d2385.jpg
"Mazda Demio 1 поколение , 1998",https://i.cars.kg/preview/r/X9ncb4pOuBFoY9i7dy5XzA/1080x-/20230218/4dd5c3d0e2649b2d429e387743e95d5d.jpg
"Kia Morning 2 поколение Хетчбэк , 2016",https://i.cars.kg/preview/r/NBKEIZvoVkj3nsJA0n6ASQ/1080x-/20230218/f8531efe002729494108d74c21505f4a.jpg
"Honda Logo 1 поколение [рестайлинг] Хетчбэк 3-дв. , 1999",https://i.cars.kg/preview/r/1fb8sE6gpG4wokolQ5lk-w/1080x-/20230218/2bf8bb006a80cbba4eb264e84035a2af.jpg
"Toyota Prius 3 поколение [рестайлинг] , 2012",https://i.cars.kg/preview/r/pIVXElRTBLA-DoLBWLKiQg/1080x-/20230217/871294b5def07a16abee373d327fa781.jpg
"Mercedes-Benz S-Класс W220 [рестайлинг] Седан , 2003",https://i.cars.kg/preview/r/rxK60kco_Pqwy3UIvHo8tQ/1080x-/20230217/dfd818e3d37855ba887babdc8034ee4e.jpg
"Mercedes-Benz E-Класс W210/S210 Седан 4-дв. , 1996",https://i.cars.kg/preview/r/wTxsIM4duKKpHchC0Ms0WA/1080x-/20230217/c03809dbc7738bb913bec3472655e84b.jpg
"Honda MHB, 2022",https://i.cars.kg/preview/r/n1CwrW7b6wYzRzXuCquXyg/1080x-/20230217/e691059620e52cb741777939aba77f4e.jpg
"Toyota Highlander 3 поколение Кроссовер , 2016",https://i.cars.kg/preview/r/rJ-KOtvrHCBDrn6rAutG9A/1080x-/20230217/24a2f2748c5c7e134d773a052a616d52.jpg
"Mercedes-Benz C-Класс W202/S202 Седан , 1994",https://i.cars.kg/preview/r/F7DjI505cpYQnBT6VHq06Q/1080x-/20230217/8c96155b0ac326a6430e4ee016383600.jpg
"Honda Civic 7 поколение Хетчбэк 5-дв. , 2002",https://i.cars.kg/preview/r/XgyOQW-NTjqxniwEH7r6eQ/1080x-/20230217/fdbdaa2db0a3f89efeca7a9c33c316ab.jpg
"Lexus RX 1 поколение Кроссовер , 2001",https://i.cars.kg/preview/r/M7S6HjD7v1cLLvkaLOB5yA/1080x-/20230217/8e17fe6337514f6fcad3054d9cbc3605.jpg
"Honda Fit 1 поколение Хетчбэк , 2005",https://i.cars.kg/preview/r/dLyVw1fR2dtHR0tk2I2aqw/1080x-/20230217/5e8e0ad5b2c28cf6dfcfa1f6cba8652e.jpg
"BMW 5 серия E39 [рестайлинг] Седан , 2001",https://i.cars.kg/preview/r/ef0SA6wqxTbGYOOQCC20hA/1080x-/20230217/416c41db88c7341ddfe172952fd229cd.jpg
"Mercedes-Benz S-Класс W220 [рестайлинг] Седан , 2004",https://i.cars.kg/preview/r/yMac7o_6IOyvnyI68uX0xw/1080x-/20230217/c2f93e3a0cc22596a79abed4759125a8.jpg
"Honda CR-V , 2022",https://i.cars.kg/preview/r/bbQmtvUC-EVyiuLgQpMG_g/1080x-/20230217/39b0df72139a2eaa884481366a11c521.jpg
"Hyundai Grandeur HG Седан , 2016",https://i.cars.kg/preview/r/da_00MQt1iQsDdzNFkPA8g/1080x-/20230217/e1accac0d0943484c7ae73eae962644a.jpg
"Toyota , 2011",https://i.cars.kg/preview/r/Z5TN_xbHky84MU52xFoPyg/1080x-/20230217/66c0ed5f17e84cfdbb4fc62b5e9cdfb0.jpg
"Toyota Camry XV40 [рестайлинг] Седан 4-дв. , 2009",https://i.cars.kg/preview/r/HhDd3tVzyL7IqTZTvUBIbQ/1080x-/20230217/2af57c136bb397517bd1a08cff894e7d.jpg
"Rolls-Royce , 2023",https://i.cars.kg/preview/r/ejj1eaDx8xQCB8I_IslImg/1080x-/20230217/0456670aa0f5bb657e8a769cc1d920f5.jpg
"Toyota Echo 1 поколение Седан , 2001",https://i.cars.kg/preview/r/mfe3fyeOdcJ_L4ZtO_SqEA/1080x-/20230217/993d9d17150a29f7dedd02d6df52ee9c.jpg
"BYD , 2023",https://i.cars.kg/preview/r/yZFb0brjADv7PYx-jCPwCw/1080x-/20230217/03896b034ceea14af1a6eb1bc8523e5e.jpg
"Porsche Panamera , 2023",https://i.cars.kg/preview/r/iPoHfbQy1p0_4un2NfhJnA/1080x-/20230217/9411b9affee5647e457b6591a44f0e72.jpg
"ВАЗ (Lada) 2114 1 поколение Хетчбэк 5-дв. , 2004",https://i.cars.kg/preview/r/r-vUimNbMluC9L9lW4JQdw/1080x-/20230216/04229a9d3f3fb69057e89ecc3eab8679.jpg
"Subaru Outback 4 поколение [рестайлинг] Универсал , 2014",https://i.cars.kg/preview/r/RltKQIPvEB8TsPDGxpkzfQ/1080x-/20230216/fdfb18339bac4a1a4e946259e144ff35.jpg
"УАЗ 452 1 поколение , 1986",https://i.cars.kg/preview/r/SXLBHx1zbWhYpht-KtSa4g/1080x-/20230216/c131a5bb6e144eb4f0e5a62676f7e524.jpg
"Mercedes-Benz E-Класс W211/S211 Седан , 2003",https://i.cars.kg/preview/r/4A9Tk-_APVgyoIRDSMdZ_Q/1080x-/20230216/cf230f82f45b57db00497237fb79b0ee.jpg
"УАЗ Hunter 1 поколение Внедорожник , 2012",https://i.cars.kg/preview/r/-LuwhzSL6Zn_1ZiNZSI_yQ/1080x-/20230216/f865a1bbb5a6bccb175121e9e3a81997.jpg
"Kia K5 , 2015",https://i.cars.kg/preview/r/rIPPXWyErJHyztNhSQ0Y5w/1080x-/20230216/77bd122210077944c98e519e1f6dd2dc.jpg
"Toyota Camry XV30 , 2015",https://i.cars.kg/preview/r/_axgYGtmOw9_x5uQ8jYKFw/1080x-/20230216/caa36fcb77e493b71c170e72a71bd81f.jpg
"Mercedes-Benz E-Класс W211/S211 Седан , 2003",https://i.cars.kg/preview/r/0Tjd5Vkn0FOgsmvXJqUK4A/1080x-/20230216/e1611eaa9db963207f23229658d251c7.jpg
"Toyota Camry XV30 Седан , 2003",https://i.cars.kg/preview/r/SAJTqb797wto-2mlZiSM6Q/1080x-/20230216/e8e69d63116eaa8e4bd5d840d53865b5.jpg
"Volkswagen , 2022",https://i.cars.kg/preview/r/7wDI-8cCnYlWJ_14UUWgfQ/1080x-/20230216/6c7441422c9ad76a7ac023a2f4caeae8.jpg
"Toyota Camry XV50 Седан 4-дв. , 2013",
"Audi A6 , 2002",https://i.cars.kg/preview/r/Q7spQxoKQPxmmMcBYbSO4w/1080x-/20230216/096ab5f61a1f20df54f9e0840670e375.jpg
"Toyota Land Cruiser Prado J90 [рестайлинг] Внедорожник 5-дв. , 2002",https://i.cars.kg/preview/r/TGO1bP8TeuNwvZcvkAOikA/1080x-/20230216/4a85fc5d4dc5bdc458d344e3743bb08f.jpg
"Lexus GX 1 поколение Внедорожник , 2003",https://i.cars.kg/preview/r/sFonl5Quax8Tk11_OysEUw/1080x-/20230216/e58408d19395b3a0c5fdc138758c6b92.jpg
"Mitsubishi Delica 4 поколение Минивэн , 2003",https://i.cars.kg/preview/r/fMAz1qRWAbd__-tcd9rpIg/1080x-/20230216/95d2ebfea0b1289e99a5f4f6d1f5d6b2.jpg
"Mitsubishi L300, 1996",https://i.cars.kg/preview/r/Wu4t2-2HeOu1QHWcU1ocAw/1080x-/20230216/84f76d699d7d300ebb3497d74b9bff11.jpg
"Toyota Celsior F30 Седан , 2002",https://i.cars.kg/preview/r/MJ09Rg7T9l63XkFkNhc71w/1080x-/20230216/bea9deecdcf369766a4a3b839e01c2f3.jpg
"Toyota Camry XV50 [рестайлинг] Седан , 2015",https://i.cars.kg/preview/r/ylZRSwlze0l3TvhjuqOBqg/1080x-/20230216/979eed22a7019463b98807ce0efc6451.jpg
"BMW 5 серия F07/F10/F11 [рестайлинг] Седан , 2017",https://i.cars.kg/preview/r/WV3ODCs__Pz5BlJZfO4m0A/1080x-/20230216/81fcd0cf9e5ad6d457f727555b7c7e3b.jpg
"BMW X5 F15 Кроссовер , 2016",https://i.cars.kg/preview/r/LPiWC0SBR7vhbDYlDKz69A/1080x-/20230216/13a6aa8bfcf1001a314f5e8f952a8192.jpg
"Toyota Avensis 2 поколение Универсал , 2004",https://i.cars.kg/preview/r/DQfvaxMPSXpL5wvzud44RA/1080x-/20230216/07307395b5ee62ac06638908fb2630f3.jpg
"Toyota RAV4 , 2019",https://i.cars.kg/preview/r/yKiWRPFsaahsbk8_FXxePg/1080x-/20230216/044ea5bca8ab28d850680725b855f996.jpg
"Honda Fit 1 поколение Хетчбэк , 2003",https://i.cars.kg/preview/r/hIiwS0I2Z6uVHSGX2crWog/1080x-/20230216/d7db227345965f24ff9891bcdc165575.jpg
"Honda Fit 1 поколение Хетчбэк , 2003",https://i.cars.kg/preview/r/SnRovAbWg8Fg9mzzhJBlEg/1080x-/20230216/70ed3ac0f40dda245cec0c27d5641ff7.jpg
"Volkswagen ID 6 CROZZ Pure +, 2022",https://i.cars.kg/preview/r/Ki1on4f6a_2a8tf7fztJPA/1080x-/20230216/d94f4b3fb7b8e51f94dbb00b74811148.jpg
"Honda Torneo 1 поколение , 2001",https://i.cars.kg/preview/r/_GuIiNYPUydUtf1roFZSww/1080x-/20230216/27aced3646808e3f7c27923fe56df7b0.jpg
"Hyundai Sonata YF Седан 4-дв. , 2022",https://i.cars.kg/preview/r/Fm6Q4Zbs2imj69mj5MkDPQ/1080x-/20230215/ab1faab16f0edd270949a61da2471bad.jpg
"Toyota Alphard 2 поколение Минивэн , 2010",https://i.cars.kg/preview/r/V07Zay2WgsU0BoAVVuG5hA/1080x-/20230215/53c5435a28320f8db729b4d3ad2e9926.jpg
"Nissan Skyline R30 Седан 4-дв. , 2004",https://i.cars.kg/preview/r/5CG1pkXZg2uSqbFz0S_Yjw/1080x-/20230215/6e06726c3b84bff8d5a4648f9e9e8442.jpg
"Hyundai Santa Fe DM [рестайлинг] Premium кроссовер , 2016",https://i.cars.kg/preview/r/usiaruyN22ODhmZiKFp09Q/1080x-/20230215/de06d7789f40d51ebfc5d0c7012ad5c9.jpg
"Kia Sorento 3 поколение , 2017",https://i.cars.kg/preview/r/JaJ3EC0F9HWBFJ67-qMELQ/1080x-/20230215/d09519ffd586df2168c902c6e922c7fd.jpg
"Hyundai Sonata , 2010",https://i.cars.kg/preview/r/4PF5iziDeB7GrTVIwVWDdA/1080x-/20230215/e38b6402de7529d9c2d36ab95f55ce7b.jpg
"Subaru Legacy 4 поколение Седан , 2003",https://i.cars.kg/preview/r/O0XolTCQvPadq8WCKqUdOQ/1080x-/20230215/bbdb3a21cc0dc2b08eb1dc37c8c96901.jpg
"Hyundai Sonata YF Седан 4-дв. , 2015",https://i.cars.kg/preview/r/71c2bX3kNj_ILdWbIWZRUg/1080x-/20230215/5aeae7ca94718e443e748a25c8638293.jpg
"Toyota Highlander 1 поколение [рестайлинг] Hybrid кроссовер 5-дв. , 2006",https://i.cars.kg/preview/r/yGTNEyggCRWcOYF_tHTPBQ/1080x-/20230215/1703f6f3e853e4df459a62a5c8cf51d4.jpg
"Toyota Camry XV30 Седан , 2003",https://i.cars.kg/preview/r/TcEqrI9rtvpy3gx22bVEQg/1080x-/20230215/1381a20b3887dcf9faae118c3add1971.jpg
"Toyota Avalon XX40 Седан , 2013",
"Lexus RX 2 поколение Кроссовер , 2004",https://i.cars.kg/preview/r/pkvlt2NGlb2615jCoBLtfg/1080x-/20230215/8da5ce02cc1e3c9eac2a3c1ba03d6a71.jpg
"Mitsubishi Pajero Sport 2 поколение [рестайлинг] , 2020",https://i.cars.kg/preview/r/9JQKx4lC9FGvN9cvQVUCig/1080x-/20230215/dda2002a67da12b8fde50504d34d0ac9.jpg
"Hyundai Palisade, 2019",https://i.cars.kg/preview/r/vdH4qren7873FiTJk78n8g/1080x-/20230215/f26115301209aac1ebd34692c8986494.jpg
"Hyundai Palisade, 2020",https://i.cars.kg/preview/r/cQzQub9a-M3FJx1OOxRoWg/1080x-/20230215/b1d0b4ed45c384465108b62a855f90d8.jpg
"Lexus ES , 2017",https://i.cars.kg/preview/r/NF1EAjYlJ6tbIUppVssh7Q/1080x-/20230215/f6afbb5c0aadbb9e89b81684c9c73d2b.octet-stream
"Mercedes-Benz E-Класс W211/S211 Седан , 2004",https://i.cars.kg/preview/r/udBat1dgqYCgKfOCu-MTnQ/1080x-/20230215/84b54d6f88038fa9d7d8955c10d3193c.jpg
"Nissan , 1995",https://i.cars.kg/preview/r/X3YETK7sSl3-C3g3mR27Gg/1080x-/20230215/48a8c81d4347f441138e63c67d19c983.jpg
"Hyundai Santa Fe DM [рестайлинг] Premium кроссовер , 2022",https://i.cars.kg/preview/r/CJAdQPmRTtESFiC3ownqIw/1080x-/20230215/0598f86e3f30b3171ffc86cc3f69c698.jpg
"Toyota RAV4 , 2020",https://i.cars.kg/preview/r/Yv-j47fISFFQg7T16ZDZMw/1080x-/20230215/4538901654b1fe0bfab9d88f18d5cff6.jpg
"Toyota Platz 1 поколение Седан , 2001",https://i.cars.kg/preview/r/j50aSV5CqHxZhEHNihIcUQ/1080x-/20230215/c6599404a6636a1a4ac58a116909c508.jpg
"Hyundai Porter , 2014",https://i.cars.kg/preview/r/4WkwZ22HAH6hmQa7CTBV6w/1080x-/20230214/3e403ea20a352c382f747cce45382456.jpg
"Toyota Land Cruiser J70 [3-й рестайлинг] , 2011",https://i.cars.kg/preview/r/ZLhHisXluMfeY5iQ3NFJlQ/1080x-/20230214/1de2c44a26d5efd1059a46bd790f0f11.jpg
"Hyundai Sonata YF Седан 4-дв. , 2012",https://i.cars.kg/preview/r/Cqt2j2IL0aZxyE26iggkbw/1080x-/20230214/e0fe259c908af45ad5fbbeb45b6b7a72.jpg
"Toyota Ractis 1 поколение Минивэн , 2005",
"Kia Optima 4 поколение Седан 4-дв. , 2016",https://i.cars.kg/preview/r/E-gXhOHYk6hFN95z-XONiw/1080x-/20230214/22e334054b71cb47335179b3b5430f01.jpg
"Toyota Land Cruiser J200 [2-й рестайлинг] Внедорожник , 2021",https://i.cars.kg/preview/r/RinG5N1dpWmAW3JLvllz4g/1080x-/20230214/2e35f40a0025a1b44bf6760c223a898f.jpg
"Hyundai Sonata YF Седан 4-дв. , 2020",https://i.cars.kg/preview/r/WlphqndMg7Pva-SlnlNmEg/1080x-/20230214/028d94feecf32ac7b709544a8cea6d14.jpg
"BMW Х7, 2020",https://i.cars.kg/preview/r/Lpu_fCvhD4Onkpt_d4lvpA/1080x-/20230214/e6fbbc8ab838eb503cc9d8b562008095.jpg
"Toyota Ist 2 поколение Хетчбэк , 2008",https://i.cars.kg/preview/r/SB1yQjrB-p4PNjMOMGbpRw/1080x-/20230214/646f8e43e5b1edaaf6e50f84ba814889.jpg
"Kia Mohave 1 поколение Внедорожник , 2020",https://i.cars.kg/preview/r/qb4R0PtGpp24EYpnivc0Fw/1080x-/20230214/19cdf10ebfa6e5cb0755ce1726592a0b.jpg
"Kia Sorento 3 поколение Prime кроссовер , 2017",https://i.cars.kg/preview/r/QMDwNrObqjiKBz3PfcKmag/1080x-/20230214/fe6b1a9c42b190c0aad0960468565d46.jpg
"Honda Accord 7 поколение Универсал , 2002",https://i.cars.kg/preview/r/GnYp1I_thcEO8xdQUXPEbA/1080x-/20230214/1a9a67551205a4f14c7b9754231899c6.jpg
"Honda Fit 3 поколение Хетчбэк , 2016",https://i.cars.kg/preview/r/lo8IuwUZOkHXvqGJYsecvw/1080x-/20230214/2f92ea76b84310652b30691206f375db.jpg
"Hyundai H-1 Grand Starex , 2008",
"Hyundai H-1 Grand Starex , 2008",
"Hyundai Starex , 2008",https://i.cars.kg/preview/r/N4IRkuA5J4BWdg8WHv_u2w/1080x-/20230213/32e0ed8fee798c3a456623f7b6b12217.octet-stream
"EX5, 2019",https://i.cars.kg/preview/r/bv5NFzDhLlcfZZ-cQzurvw/1080x-/20230213/b699842af0d316eed56010c10e097394.jpg
"ВАЗ (Lada) Kalina 1 поколение 1119 хетчбэк 5-дв. , 2008",https://i.cars.kg/preview/r/A6VKx_dES434PlCxcCi8eg/1080x-/20230213/d6e87e208aafd938283fb22856db79f2.jpg
"Hyundai Sonata NF [рестайлинг] Седан , 2010",https://i.cars.kg/preview/r/UpztjPXiUPNjCSXtimPtVw/1080x-/20230213/dca9136934e4f0898e323df3708c625c.jpg
"Lexus GX 2 поколение Внедорожник , 2007",https://i.cars.kg/preview/r/F_xKG-EpwvWO1qKL1cMNFA/1080x-/20230213/c7f5efeefae54605ca1d270b5cc8cd35.jpg
"Toyota RAV4 , 2019",https://i.cars.kg/preview/r/6kaL4Tenkox8QyiBpqvOzA/1080x-/20230213/41024769affe395e01abc0c882dc1a96.jpg
"Toyota RAV4 4 поколение [рестайлинг] Кроссовер , 2019",https://i.cars.kg/preview/r/uO94rXhg3Jlad13WAf27Mw/1080x-/20230213/48508149cad9e8c3d2bf33b9e55f7d32.jpg
"BMW 3 серия E46 Седан 4-дв. , 1998",https://i.cars.kg/preview/r/jCXFbuRVmPm7dGp9AXAsLw/1080x-/20230213/06c087753268636750786a5b938cd919.jpg
"Toyota Avensis , 2006",https://i.cars.kg/preview/r/tmMFOjYW2Vvz8yVdBSYsNg/1080x-/20230213/b122e6f19c1e26c86a87c6ea9fc3ccb3.jpg
"Subaru Legacy 4 поколение Универсал , 2005",https://i.cars.kg/preview/r/X9MlJhXB9biT8ZOEoTLFog/1080x-/20230213/7e7a8a73f5c880881645b5d4bbe0c0d9.jpg
"Mercedes-Benz E-Класс W124 [2-й рестайлинг] , 1995",https://i.cars.kg/preview/r/ie-7V6R2KzS091cyoYD9Lw/1080x-/20230225/e42aba4c0be38b11911d67573d1b419e.plain
"Lexus GX 1 поколение Внедорожник , 2008",https://i.cars.kg/preview/r/X9WTuAVxdosUqMnr_fk8fg/1080x-/20230213/34888c95dcfa46cb0ce392a3e53cbb02.jpg
"Kia K5 1 поколение Седан , 2015",https://i.cars.kg/preview/r/Zadkpfmh--YkwKK2Oatn_w/1080x-/20230223/c44a19ea352a07585008d0a1a47901e3.jpeg
"Kia Sportage 2 поколение [рестайлинг] , 2008",https://i.cars.kg/preview/r/WaJCBM5FHyuCB8fWWK-r-A/1080x-/20230213/60cee72b3af9806293007526218d51f2.jpg
"Toyota Land Cruiser J200 [2-й рестайлинг] Внедорожник , 2018",https://i.cars.kg/preview/r/svBKBA8oKYsCP9NJublhOA/1080x-/20230213/9c764f8c39e09155a86e703a4b24b5db.jpg
"Toyota Alphard 1 поколение [рестайлинг] Минивэн , 2005",https://i.cars.kg/preview/r/Ipernzbo57gwLtujH49Q_w/1080x-/20230213/c088f2fd1ccfc74779c2c00719184477.jpg
"Kia Carnival , 2017",https://i.cars.kg/preview/r/LlwPIVqfqJmqPD0ALYxW8A/1080x-/20230213/4ee2e47474d74f2fb114253a458e8db8.jpg
"Hyundai Santa Fe , 2016",https://i.cars.kg/preview/r/wOcGX64PBdQ5LetQgaX3uw/1080x-/20230213/7dfbb3a3442f8bf193a58d0a74491c55.jpg
"Honda Accord 6 поколение [рестайлинг] JP-spec универсал , 2002",https://i.cars.kg/preview/r/qxbi9tZNHueljGxW_G7Ndw/1080x-/20230213/6dbc4c903b2f8d0576e86d58e7fdeef3.jpg
"Toyota Avensis Verso 1 поколение [рестайлинг] , 2003",https://i.cars.kg/preview/r/8j91aLUBzgA_zPqbyo-Fcw/1080x-/20230213/14913ecbe2a9e3f05f83fd0aa5268cc8.jpg
"Mercedes-Benz Sprinter W906 Шасси 4-дв. , 2011",https://i.cars.kg/preview/r/VkY7WqUw5sPDD3NulbEeCw/1080x-/20230212/74837c7d814407d1ef34f9718f3cd2f0.jpg
"Hyundai Sonata YF , 2018",https://i.cars.kg/preview/r/yJPibHX-XdxobF5Dmv4zGg/1080x-/20230212/024e252ec95272087e8eda2659100427.jpg
"Hyundai Accent , 2017",https://i.cars.kg/preview/r/q9ZHY_dFfFGNGcqID29bHA/1080x-/20230212/65d2ed2709402a20ff9ad79bb5bc8f03.jpg
"Mercedes-Benz M-Класс W163 Кроссовер , 1998",https://i.cars.kg/preview/r/7kNkLbQODy0H0I5GoHCBwg/1080x-/20230212/0f0295d851d7b62292d81bd4829761af.jpg
"Toyota RAV4 4 поколение [рестайлинг] Кроссовер , 2020",https://i.cars.kg/preview/r/OL7nYk8xfuCpwSETpa3Rvg/1080x-/20230212/abd0cc3563eecafbe5bcc1ba87d071e8.jpg
"Kia Sorento 3 поколение Prime кроссовер , 2016",https://i.cars.kg/preview/r/sTyD5d9xwIhZOYFsy0GoEA/1080x-/20230212/2092ddd3f61360ca5346ceed054deeaa.jpg
"Toyota Land Cruiser J200 [рестайлинг] 200 внедорожник , 2016",https://i.cars.kg/preview/r/OCUZvDcLU8gNRqCqUdf7bQ/1080x-/20230212/8a1a3a055031125c7ccd584c1ac813d0.jpg
"BMW X5 E53 Кроссовер , 2003",https://i.cars.kg/preview/r/1DXlKifMUaWrVd50QlNCbQ/1080x-/20230212/b41613e7ce3a32cb457374bd698cec04.jpg
"Toyota Land Cruiser Prado J150 Внедорожник , 2010",https://i.cars.kg/preview/r/HgUA4H5zsOVrJ8IXav87uw/1080x-/20230212/59f7426e38c2c844921d0670ac7f770f.jpg
"Hyundai Sonata , 2016",https://i.cars.kg/preview/r/D8AIHFEb8sY-rP4ud5fo7A/1080x-/20230212/7b16bce0aa1cb3f1d95df7e0eba39499.jpg
"Hyundai Santa Fe , 2016",https://i.cars.kg/preview/r/ogJsfsr7Q3tQCzQmKUOHgA/1080x-/20230212/80e1f3b18499be583515307baeb7ef5f.jpg
"Toyota Camry , 2005",https://i.cars.kg/preview/r/wqR3XjswINbFMduRRTNdWw/1080x-/20230212/55605f2edeacb522a31639613858afa7.jpg
"Toyota Highlander , 2018",https://i.cars.kg/preview/r/9-AWEMjrWRaK3cS3uz9bqw/1080x-/20230212/46a9fabd0f1888f97a6ab19a645063ab.jpg
"Hyundai Sonata , 2017",https://i.cars.kg/preview/r/X5N6z_waCza69J9Fv79pWQ/1080x-/20230212/b954c42863a1039f278f91605636c963.jpg
"Mercedes-Benz E-Класс , 2004",https://i.cars.kg/preview/r/ybqSSP0tgDY83Dbah-WDjw/1080x-/20230212/57279e9ff0bbd5a4781589017da1001e.jpg
"Volkswagen , 2021",https://i.cars.kg/preview/r/1YnZV05cbackiHYGiX88Fg/1080x-/20230212/7de1d675ea069d6d06ea52e924f1a1c9.jpg
"BMW Х7, 2019",https://i.cars.kg/preview/r/c8kPX_dqVTK6FD7TTdLX4A/1080x-/20230212/0432ce2a20bdaeec8067318c713fd517.jpg
"Honda Civic 7 поколение Хетчбэк 5-дв. , 2001",https://i.cars.kg/preview/r/bA-DwkdgFhZeJpL0ouMCmQ/1080x-/20230212/393cbc82aedb1c99d2171cce2d671d95.jpg
"Kia K5 1 поколение Седан , 2016",
"Mercedes-Benz M-Класс W164 [рестайлинг] Кроссовер , 2009",https://i.cars.kg/preview/r/zbvpr536hAam8XX1hRap8w/1080x-/20230211/dddfb818770710c6b35007a5216a7ed8.jpg
"Mercedes-Benz Vito W639 Фургон , 2005",
"Mercedes-Benz Vito W639 Фургон , 2005",
"Mercedes-Benz Vito W639 Фургон , 2005",
"Nissan Serena C23 Минивэн , 1994",https://i.cars.kg/preview/r/M-hKBy8SDG44bsu09kb5og/1080x-/20230211/e97511dd79ca4bcbd240a31ff8ea714c.jpg
"Toyota Prius , 2014",https://i.cars.kg/preview/r/S7h6bGU0rIyUuhuvGPuyPg/1080x-/20230211/c81cfb0299d5e4ceed3ba6951f6d1c02.jpg
"Toyota Land Cruiser Prado , 2008",https://i.cars.kg/preview/r/N1dTJRhbid00q4wmwhfRCw/1080x-/20230211/b3df2107f6f91fba7e4ff4e509f94d10.jpg
"Toyota RAV4 , 2017",https://i.cars.kg/preview/r/8HkJ3aOfqBQDhhY3SsaLJw/1080x-/20230211/0f14e77cd58d67ec8f1b05fbb003e2ea.jpg
"Honda CR-V 2 поколение [рестайлинг] Кроссовер , 2006",https://i.cars.kg/preview/r/MCxpHuVX9sBdvwRVaN07hw/1080x-/20230211/b5d5d014fe1c98131ed1256c564cfee4.jpg
"BMW X5 E53 Кроссовер , 2001",https://i.cars.kg/preview/r/WwmNche91z6NwTDvRc0llw/1080x-/20230211/24ba80f0ff06032d1bc04201a4925a90.jpg
"Toyota Camry , 2021",https://i.cars.kg/preview/r/v-gsZwBUTUAW96kImTdQoA/1080x-/20230211/0306ccb6a2185533f527e1cb72284710.jpg
"Hyundai Sonata YF Седан 4-дв. , 2017",https://i.cars.kg/preview/r/froflXwhiVlQLNO5YWXVpA/1080x-/20230211/70b1e06588a421d988d46ed91cd8f8f6.jpg
"Hyundai Sonata , 2017",https://i.cars.kg/preview/r/Rq3l_NaRfoGRLtiE9mZ8eA/1080x-/20230211/37efc10bc3dfeee44b694ae2f88bc8f8.jpg
"ВАЗ (Lada) 2106 1 поколение Седан , 1995",https://i.cars.kg/preview/r/lE0pQH40LbO3DCewaQKoDg/1080x-/20230211/490eaa96106304b234c3a98d615c9d96.jpeg
"Toyota Camry XV40 [рестайлинг] Hybrid седан 4-дв. , 2011",https://i.cars.kg/preview/r/uAHycd6PK45Z_xN5t2yZaQ/1080x-/20230211/257f851f056d8f47dd702ff1d41bd7a0.jpg
"BMW X5 F15 Кроссовер , 2020",https://i.cars.kg/preview/r/HpMtjyNie22ruXoaFjTNVg/1080x-/20230211/9a6654908ac8d2d86bfbd00701a52d2a.jpg
"Toyota Highlander 2 поколение [рестайлинг] Кроссовер 5-дв. , 2010",https://i.cars.kg/preview/r/C-XOs262uu3YtBHwXprPsg/1080x-/20230211/f7269a27a8ab0314b244d2df025e8061.jpg
"Kia Sorento 3 поколение Кроссовер , 2016",https://i.cars.kg/preview/r/YLyjnjIYYSZZz-maTguGzA/1080x-/20230211/84bb96e39a67a1d7905248aee2589e0c.jpg
"Kia Carnival , 2017",https://i.cars.kg/preview/r/6DVwshmsoLRE1KbVOZsbsw/1080x-/20230211/5f91156334f6a4c1b6e06a97c85b7c8b.jpeg
"⭕МАРКА: WELTMEISTER  ⭕ МОДЕЛЬ:Ex5 ⭕, 2019",https://i.cars.kg/preview/r/KEI6Y5EWkL1mz3fCYK6AhA/1080x-/20230211/3aefa136a5daef9d095ef406b6fd3726.jpg
"Subaru Forester 1 поколение Кроссовер , 1999",https://i.cars.kg/preview/r/IEA9JKLy4jZtSjrj81MS6A/1080x-/20230211/465825cee1281a9f831ebe6acd4099ae.jpg
"Mercedes-Benz Sprinter W906 Фургон , 2009",https://i.cars.kg/preview/r/Y3DA6Z-gf-9HYN1XqVwqzw/1080x-/20230211/4610c38449ccb18d39622d933ef7bb1f.jpg
"Mercedes-Benz S-Класс W140/C140 [рестайлинг] Седан , 1994",https://i.cars.kg/preview/r/LDLa1VgOK9PxRqyZ5niQKA/1080x-/20230211/5e7eea9c9c26b413fe2196d9237d8082.jpg
"Toyota Altezza XE10 Седан , 2002",https://i.cars.kg/preview/r/y2b2Tt4xMcTcAULqBCsXlg/1080x-/20230210/6a9953d84c16adec4f3a386ae7cd8515.jpg
"Toyota Highlander 3 поколение Кроссовер , 2016",https://i.cars.kg/preview/r/1rdVO0d6Sgo6FIq6lVjVMQ/1080x-/20230210/aaf0df42d681bcd3f875ac2c4208d734.jpg
"Toyota Camry , 2018",https://i.cars.kg/preview/r/wWsUhsM5mDmMBsixFgTPtA/1080x-/20230210/e877d177b6af4b29bacf53743eb4fc56.jpg
"ВАЗ (Lada) 2115 1 поколение Седан , 2010",https://i.cars.kg/preview/r/sSa9aI3Qe0GKE5m0KyS9sg/1080x-/20230210/451a2d8bf84e70fff68322487fefd171.jpg
"Hyundai Sonata YF Седан 4-дв. , 2013",https://i.cars.kg/preview/r/tsfUp1uytmpBQawVOILd2w/1080x-/20230210/24fd3f511ac9fcf73be0cb3efe4bf972.jpg
"Mercedes-Benz S-Класс W220 Седан , 1999",https://i.cars.kg/preview/r/l6z2tvyV-HAw_9Ji0vzaEQ/1080x-/20230210/183b82e67acbbfddf2eb4b4110ec0841.jpg
"Kia Sorento 3 поколение Prime кроссовер , 2016",https://i.cars.kg/preview/r/ZrJWX2Uo4TR_JkKIw5165g/1080x-/20230210/eb8eefdd3c734d96fa0812bf89079733.jpg
"Kia K7 1 поколение [рестайлинг] Седан , 2016",https://i.cars.kg/preview/r/i0Jex8XRXCsCd21EjInjvg/1080x-/20230210/bbb4ceea1c58ff775202b786eec69c20.jpg
"Mercedes-Benz GL-Класс X166 AMG внедорожник 5-дв. , 2014",https://i.cars.kg/preview/r/XLn7pDyqyeJdHZ3CAKQoOA/1080x-/20230210/d97dfd159676166b1348d8bec8f107cb.jpg
"Toyota Venza 1 поколение Кроссовер , 2009",https://i.cars.kg/preview/r/nxVKXZqAA_cj8Wkga2gahg/1080x-/20230210/466d81696193b1b46c321a8673762485.jpg
"Lexus LS 4 поколение [рестайлинг] 460 седан 4-дв. , 2008",https://i.cars.kg/preview/r/45VPOhalzfaTmZu72OMbmQ/1080x-/20230210/3e3f9ee911ca1c3ac1820d9b78492734.jpg
"Toyota Таун Айс Ноах, 1996",https://i.cars.kg/preview/r/cXamRRfuIzRWanjlGdOwhw/1080x-/20230210/1903e8814e0ab686ba210d6324d701c3.jpg
"Toyota Таун Айс Ноах, 1998",
"МАРКА: Weltmeister  ⭕МОДЕЛЬ: EX 5, 2020",https://i.cars.kg/preview/r/-DbuFo0lotldSEN9DGnorQ/1080x-/20230210/a31425a9d9cc9508bec7e076abe24e95.jpg
"Mercedes-Benz E-Класс W210/S210 Седан 4-дв. , 1995",https://i.cars.kg/preview/r/dnIGSzttO8PoSr2GpK3OCg/1080x-/20230210/3a5c959077fc51368d144419ffc1ed90.jpg
"Lexus RX 3 поколение Кроссовер 5-дв. , 2010",https://i.cars.kg/preview/r/nhB4zX5Wnw8esci5Y3mH6Q/1080x-/20230210/662fe8b0631a7bcae2e8be49c9c373da.jpg
"Subaru Legacy 4 поколение Седан , 2003",https://i.cars.kg/preview/r/z1hubxW7vwUz9nQdjKwasA/1080x-/20230210/d98a882689836c8947d7cfe21ac7d7d8.jpg
"Toyota Land Cruiser J200 [2-й рестайлинг] Внедорожник , 2016",https://i.cars.kg/preview/r/ytgE8aW05Z2xM8YXpr9V8g/1080x-/20230210/ffd79bf78fce371a13f02d6b0722b484.jpg
"BMW X5 E70 Кроссовер , 2008",https://i.cars.kg/preview/r/3DPXJIVujtJlVsSmMPgDCw/1080x-/20230210/a59eb879db83bd3a885e6cb5359651c0.jpg
"Renault Duster 2 поколение Кроссовер , 2017",https://i.cars.kg/preview/r/3cHmT8NhC3IsQn5BH9tw-w/1080x-/20230210/400d5baca31c850a33143bb78f3207ec.jpg
"Toyota Camry XV50 [рестайлинг] Седан , 2017",https://i.cars.kg/preview/r/O-uXmLDimUzwAXBkQrzJgQ/1080x-/20230210/342e0954c437000590ef30d4a33ad551.jpg
"Lexus NX 1 поколение Кроссовер 5-дв. , 2016",https://i.cars.kg/preview/r/Sk75CfbI-T5ssoJ3FNusog/1080x-/20230210/f7e1f185321c377ff4d6c701c6c56be1.jpg
"Toyota Land Cruiser J200 Внедорожник , 2012",https://i.cars.kg/preview/r/tZPj4eB-lSWVcDBzyqph8w/1080x-/20230209/6d08579339aeefae257fc4ba89c919b4.jpg
"DongFeng S50, 2019",https://i.cars.kg/preview/r/Jy5pkiHW7qn4tjRhg-voSw/1080x-/20230209/13108c4263b92f7638bee1ae728bebe1.jpg
"Toyota Corolla , 2017",https://i.cars.kg/preview/r/2wJd1SCx8prAZSndQqhaQA/1080x-/20230209/fb562d4ff7bd2aedc87938ca36baa567.jpg
"Mercedes-Benz E-Класс W124 Седан 4-дв. , 1990",https://i.cars.kg/preview/r/6J1XXpIZRMGOgj-T1oWWUw/1080x-/20230209/a9de7be51d6316fb3648cd7682bdc2d4.jpg
"Toyota Camry XV40 [рестайлинг] , 2010",https://i.cars.kg/preview/r/XY13pQm9gLXFEL_0avos4A/1080x-/20230209/6f069e5029ef3036dcd296d4feb1799e.jpg
"Honda Odyssey 2 поколение Минивэн , 2001",https://i.cars.kg/preview/r/3C99Eo4vuwdggvmKtpaqtg/1080x-/20230209/98a28af3bc26b5569a4346ed9502aa70.jpg
"Lexus LX 2 поколение Внедорожник , 2000",https://i.cars.kg/preview/r/LMuil46uH1-Xd4imb-_sSA/1080x-/20230209/43f19697da5f04c6e2ea2e00bf8abd08.jpg
"Toyota Kluger , 2002",https://i.cars.kg/preview/r/gjNiGk7wUfdpMYDFRMIC9A/1080x-/20230209/b01970cb4fbac247d3af103db174a524.jpg
"Volkswagen ID 4 X PRIME, 2023",https://i.cars.kg/preview/r/3z8tXJnUX5IwcsdeKuXq7A/1080x-/20230209/79eac67deb261961b2299294179d2f89.jpg
"Audi A6 4B/C5 Универсал , 2000",https://i.cars.kg/preview/r/clpcEc7SVFN7lrNaYweXCg/1080x-/20230209/fd929fd716a4db470489267c2eb9fa1f.jpg
"Mercedes-Benz S-Класс W140 [2-й рестайлинг] Седан , 1997",https://i.cars.kg/preview/r/YYgXaqyJ8FSROHjk3gQYtg/1080x-/20230209/b731e1ccaed0dfb5f9551a1f2e21e232.jpeg
"Toyota Highlander 3 поколение Кроссовер , 2016",https://i.cars.kg/preview/r/S4h63oACPJHNYcoHBdLOjQ/1080x-/20230209/bb212b56c48a357adf11247304bda407.webp
"Lexus GS 3 поколение Седан , 2006",https://i.cars.kg/preview/r/b71ocF9wUU3i98eCvKHs5A/1080x-/20230209/3b183e341bd9fe15e18344bbeceb7486.jpg
"Kia Sorento 3 поколение Prime кроссовер , 2016",https://i.cars.kg/preview/r/uGgsKUcT3S_UcJxio8KjbQ/1080x-/20230209/fbaa333dfb24de3c6aa11a32f1248f3d.jpg
"Mercedes-Benz C-Класс W202/S202 Седан , 1994",https://i.cars.kg/preview/r/drUa8n3EnrqtzlT7wv_HSQ/1080x-/20230209/3243d1442879d4df97b3427668c63b06.jpg
"Changan , 2022",https://i.cars.kg/preview/r/6_gZ560pG4PsvWwnArHhSQ/1080x-/20230209/4f1a1ccdc09acb3cfd6ba4144aa584ca.jpg
"Kia Carnival 2 поколение Минивэн , 2017",https://i.cars.kg/preview/r/lckHahe2nctE94G9iFKZtA/1080x-/20230209/acfb7c26af0955f103a704de5f8c0b69.jpg
"Toyota 4Runner 5 поколение Внедорожник , 2016",https://i.cars.kg/preview/r/FxnDSTjgCATdpKdM3TS3fg/1080x-/20230209/d286375a337810b8b4cd0fbbe2b39908.jpg
"Mercedes-Benz S-Класс W140/C140 [рестайлинг] Седан , 1994",https://i.cars.kg/preview/r/Wsa-6k0WV5vYaFITecOlow/1080x-/20230209/7bb65e90506a2689ff50c77d1b3cd29c.jpg
"Toyota 4Runner 5 поколение Внедорожник , 2016",https://i.cars.kg/preview/r/ZYI7J2GK9Yl5C3y6r3RK4Q/1080x-/20230209/375360ec2928364b94893500b975ba52.jpg
"Kia Carnival , 2016",https://i.cars.kg/preview/r/ffqW2ZFPd1K92v1wFCOZ_Q/1080x-/20230209/ef4c45898b7c701f1b23feb7f12d936d.jpg
"Mazda 6 1 поколение Седан , 2003",https://i.cars.kg/preview/r/xOFBQZku8xhn0oyxTsQh1Q/1080x-/20230211/aa80a96eaa8c0171d5f066836f5f24d4.jpg
"Honda Pilot 2 поколение Кроссовер , 2008",https://i.cars.kg/preview/r/vfEtBjmIlp8-UiIkHoPD5A/1080x-/20230209/c3a8c807026d6474944f37ca72cfcb4b.jpg
"BMW 5 серия E39 [рестайлинг] Седан , 2002",https://i.cars.kg/preview/r/ZwaMqYdo09j_DbV_wt3o9g/1080x-/20230208/63bd646397af909d55ca6decec5e0c80.jpg
"Toyota Corolla Spacio 2 поколение Минивэн , 2003",https://i.cars.kg/preview/r/fBjm4q83TvvBjstWIdgqeQ/1080x-/20230213/e7dd8df056b26aec5dfa1601c4b7b68c.plain
"Hyundai Santa Fe DM [рестайлинг] Premium кроссовер , 2016",https://i.cars.kg/preview/r/4ogK4cj43U1zzwG-PZVnsg/1080x-/20230208/7e48746787cd1b34f18e3fb73c771764.jpg
"Mercedes-Benz E-Класс W124 [рестайлинг] Седан 4-дв. , 1992",https://i.cars.kg/preview/r/ASXBAKz_SixKao4o7mGgYg/1080x-/20230208/669d61c8e20a515c4fa3eb4e05f2bff1.jpg
"Audi A6 4B/C5 Универсал , 2000",https://i.cars.kg/preview/r/4hymNlf00qUSomjdmxFAWQ/1080x-/20230208/77ad8ed72fd60f549af978b1ab9389ef.jpg
"Toyota Land Cruiser Prado J120 Внедорожник 5-дв. , 2004",https://i.cars.kg/preview/r/iLRM3ZeHHp5mYZKeXwzSCg/1080x-/20230208/660524409b2c8a73f240fe41be053b06.jpg
"Mazda Demio 1 поколение [рестайлинг] Хетчбэк , 2000",https://i.cars.kg/preview/r/TtxolW_TZxcC6-w3N1Xanw/1080x-/20230208/6572fa2f6a87a442eae00c7718ea0a57.jpeg
"Subaru Outback 2 поколение Универсал , 2003",https://i.cars.kg/preview/r/HUUii5FIDr5Lhc3ntxvrSw/1080x-/20230208/665ddfc90f871fb0a14452e49dd76f3f.jpg
"Volvo V90 CROSS COUNTRY I, 2019",https://i.cars.kg/preview/r/YJjljlrpHxTmLyyWmHrMSg/1080x-/20230208/07a7da85a992982bde9ecd5590081910.jpg
"Mercedes-Benz C-Класс W202/S202 Седан , 1993",
"Nissan Almera Tino V10 Минивэн , 2004",https://i.cars.kg/preview/r/RmLRcrQYx3sG-DVChKNEeA/1080x-/20230208/8b4538e3f979dc2dbb2ea16f2b6c85b6.jpg
"Toyota Camry XV50 [рестайлинг] Седан , 2016",https://i.cars.kg/preview/r/mSenJLlTccEhTPCN-x36wg/1080x-/20230208/a33c6ff73b74408c6054be475d7712a8.jpg
"Toyota Corolla E120 Хетчбэк 5-дв. , 2005",https://i.cars.kg/preview/r/WMzlGKoNzNm6UaWvCxp_7g/1080x-/20230208/5364bf59f00b5d51ad057d9e2faad3de.jpg
"Chevrolet Malibu 5 поколение Седан , 2015",https://i.cars.kg/preview/r/S_4dVKyFf9mOoYpGe_0tQg/1080x-/20230208/e0fb7201ccb63465360582f77fd32c1f.jpg
"Toyota Ipsum 1 поколение , 1998",https://i.cars.kg/preview/r/6qwazsDn3sFbwhR0gRUOAQ/1080x-/20230208/916aa8e92f94bb068a1ebdf2904c995d.jpg
"Daewoo Matiz M250 [рестайлинг] Хетчбэк , 2008",https://i.cars.kg/preview/r/C3bNhYeK411-Qjqb7H58qw/1080x-/20230207/1e5f837e8b6677454d9c6b981e8d7162.jpg
"Dodge Neon 2 поколение Седан , 2001",https://i.cars.kg/preview/r/v4y8FveMRfEgoPrB_5lOVg/1080x-/20230207/ddcb17bcf7ac2168e541c6950b2601de.jpeg
"BYD F5 , 2018",https://i.cars.kg/preview/r/qvhMFsNYy0jXb8D1LCs-RQ/1080x-/20230207/801ebd1b4ad9b352a04afe37d241b9db.jpg
"Volkswagen Jetta 2 поколение [рестайлинг] Седан 4-дв. , 1989",https://i.cars.kg/preview/r/tkXruXgU1o-G_D_j1nbSeQ/1080x-/20230207/d884396885f97d64807c2e6088ded829.jpg
"Toyota Camry XV50 [рестайлинг] Седан , 2016",https://i.cars.kg/preview/r/tUAOE-U74AnuiT5ZGTsxig/1080x-/20230207/443406cd18cb613846b3aa8fbce4c2e3.jpg
"Mercedes-Benz C-Класс , 1997",https://i.cars.kg/preview/r/zqCUMh2weR0EJDeGCYgT-A/1080x-/20230207/fa2aee15047885fbf3c9575f80d1972f.jpg
"Toyota Crown S200 JDM Hybrid седан 4-дв. , 2010",https://i.cars.kg/preview/r/imdk3ScMLXgzq_hmAo6U0g/1080x-/20230207/16366fa21f3bdf7228dc33c704d8ceea.jpg
