Сотовый телефон Xiaomi Redmi 10A 3/64GB серый,10090 сом,/images/product/107526/1655262496_92690500.jpg
Сотовый телефон Apple iPhone 13 128GB зеленый,66170 сом,/images/product/105482/1650357323_84906500.png
Сотовый телефон Apple iPhone 13 256GB зеленый,79780 сом,/images/product/105483/1650357352_25448500.png
Сотовый телефон Xiaomi Redmi 10 4/128GB серый,13400 сом,/images/product/97292/1630854310_48805900.jpg
Сотовый телефон Xiaomi 12 12/256GB голубой,47600 сом,/images/product/105228/1649419104_93416600.jpg
Сотовый телефон Xiaomi 12 12/256GB серый,47600 сом,/images/product/105229/1649419306_24235400.jpg
Сотовый телефон Xiaomi Redmi 10A 3/64GB черный,10090 сом,/images/product/109074/1658517593_39497600.jpg
Сотовый телефон Xiaomi Poco M5 6/128GB желтый,15720 сом,/images/product/114706/1670170580_42110600.jpg
Сотовый телефон Xiaomi Redmi 10A 3/64GB синий,10090 сом,/images/product/109075/1658517610_56121800.jpg
Сотовый телефон Xiaomi Redmi 10C 4/64GB синий,10810 сом,/images/product/105236/1649421688_26701400.jpg
Сотовый телефон Xiaomi Redmi 10C 4/64GB серый,10810 сом,/images/product/105498/1650368060_68248100.jpg
Сотовый телефон Xiaomi Poco F4 GT 5G 12/256GB черный,44020 сом,/images/product/109083/1658720563_38249000.jpg
Сотовый телефон Xiaomi Poco F4 GT 5G 12/256GB серебристый,44020 сом,/images/product/109084/1658720577_21437100.jpg
Сотовый телефон Xiaomi Poco F4 GT 5G 12/256GB желтый,44020 сом,/images/product/109085/1658720591_14836600.jpg
Сотовый телефон Apple iPhone 13 Pro Max 256GB зеленый,108180 сом,/images/product/104490/1647674948_37575000.png
Сотовый телефон Xiaomi Redmi Note 11S 6/128GB синий,18400 сом,/images/product/103211/1647068431_46332300.jpg
Сотовый телефон Xiaomi Redmi Note 11S 6/128GB серый,18400 сом,/images/product/103212/1647068464_47045900.jpg
Сотовый телефон Xiaomi Redmi Note 11S 8/128GB серый,20390 сом,/images/product/103730/1647067810_26792000.jpg
Сотовый телефон Xiaomi Redmi Note 11S 8/128GB белый,20390 сом,/images/product/103731/1645887958_79387100.jpg
Сотовый телефон Xiaomi Redmi Note 11S 8/128GB синий,20390 сом,/images/product/103732/1647067786_23073500.jpg
Сотовый телефон Xiaomi Redmi Note 11 Pro 4G 8/128GB серый,22680 сом,/images/product/103733/1645892206_15016100.jpg
Сотовый телефон Xiaomi Redmi Note 11 Pro 4G 8/128GB белый,22680 сом,/images/product/103734/1645892235_58946500.jpg
Сотовый телефон Xiaomi Redmi Note 11 Pro 4G 8/128GB голубой,22680 сом,/images/product/103735/1645892274_42897700.jpg
Сотовый телефон Xiaomi Redmi Note 11 Pro Plus 5G 8/256GB черный,28250 сом,/images/product/117307/1676354136_85420400.jpg
Сотовый телефон Xiaomi Redmi Note 11 Pro Plus 5G 8/256GB голубой,28250 сом,/images/product/117308/1676354354_67096800.jpg
Сотовый телефон Apple iPhone 14 Pro Max 1TB космический черный,161750 сом,/images/product/111173/1667071163_70803900.jpg
Сотовый телефон Apple iPhone 14 Pro Max 1TB серебристый,161750 сом,/images/product/111174/1667071276_10960400.jpg
Сотовый телефон Samsung Galaxy S22 8/128GB черный,53880 сом,/images/product/105293/1649752086_95407900.jpg
Сотовый телефон Samsung Galaxy S22 8/128GB белый,53880 сом,/images/product/105294/1649752235_95589400.jpg
Сотовый телефон Samsung Galaxy S22 8/128GB розовый,53880 сом,/images/product/105295/1649753441_00343800.jpg
Сотовый телефон Xiaomi Poco M5 4/128GB желтый,14320 сом,/images/product/115279/1677296629_62707300.jpg
Сотовый телефон Samsung Galaxy S22 8/128GB зеленый,53880 сом,/images/product/105296/1649753870_42409800.jpg
Сотовый телефон Xiaomi Poco M5 4/128GB зеленый,14320 сом,/images/product/115280/1671510552_67112300.jpg
Сотовый телефон Samsung Galaxy S22 8/128GB серый,53880 сом,/images/product/105297/1649754043_99416300.jpg
Сотовый телефон Samsung Galaxy S22 8/128GB голубой,53880 сом,/images/product/105298/1649754174_37540500.jpg
Сотовый телефон Samsung Galaxy A33 5G 6/128GB черный,23230 сом,/images/product/106578/1652691752_34677700.jpg
Сотовый телефон Samsung Galaxy S22 8/128GB фиолетовый,53880 сом,/images/product/105299/1649754295_98434800.jpg
Сотовый телефон Samsung Galaxy A33 5G 6/128GB голубой,23230 сом,/images/product/106579/1652691866_03439300.jpg
Сотовый телефон Xiaomi 12 12/256GB фиолетовый,47600 сом,/images/product/111955/1665141665_22455100.jpg
Сотовый телефон Samsung Galaxy S22 8/128GB бежевый,53880 сом,/images/product/105300/1649754473_41211500.jpg
Сотовый телефон Samsung Galaxy A33 5G 6/128GB персиковый,23230 сом,/images/product/106580/1652691995_19543500.jpg
Сотовый телефон Xiaomi 12 12/256GB зеленый,47600 сом,/images/product/111956/1665141678_54276300.jpg
Сотовый телефон Samsung Galaxy A53 5G 6/128GB черный,28580 сом,/images/product/105301/1649760257_29490300.jpg
Сотовый телефон Samsung Galaxy A33 5G 6/128GB белый,23230 сом,/images/product/106581/1652692112_53592600.jpg
Сотовый телефон Samsung Galaxy A53 5G 6/128GB белый,28580 сом,/images/product/105302/1649760394_16626600.jpg
Сотовый телефон Samsung Galaxy A53 5G 6/128GB персиковый,28580 сом,/images/product/105303/1649760623_66398000.jpg
Сотовый телефон Samsung Galaxy A53 5G 6/128GB голубой,28580 сом,/images/product/105304/1649760852_08627000.jpg
Сотовый телефон Samsung Galaxy A53 5G 8/128GB черный,28580 сом,/images/product/105305/1649761049_10768900.jpg
Сотовый телефон Samsung Galaxy A53 5G 8/128GB белый,28580 сом,/images/product/105306/1649761180_54346900.jpg
Сотовый телефон Samsung Galaxy A53 5G 8/128GB персиковый,28580 сом,/images/product/105307/1649761387_15221700.jpg
Сотовый телефон Samsung Galaxy A53 5G 8/128GB голубой,28580 сом,/images/product/105308/1649761535_61343300.jpg
Сотовый телефон Xiaomi Redmi 10C 4/128GB серый,12060 сом,/images/product/104803/1648310638_87270900.jpg
Сотовый телефон Xiaomi 11 Lite 5G 6/128GB желтый,23500 сом,/images/product/102244/1678552612_91554100.jpg
Сотовый телефон Xiaomi Redmi 10C 4/128GB синий,12060 сом,/images/product/104804/1648310652_05982100.jpg
Сотовый телефон Xiaomi Redmi 10C 4/128GB зеленый,12060 сом,/images/product/104805/1648310666_54418900.jpg
Сотовый телефон Xiaomi 13 Lite 8/256GB черный,31730 сом,/images/product/117862/1677353076_00357400.jpg
Сотовый телефон Apple iPhone 13 128GB красный,66170 сом,/images/product/97897/1631808085_26488000.jpg
Сотовый телефон Apple iPhone 13 256GB красный,79780 сом,/images/product/97898/1631808163_19486100.jpg
Сотовый телефон Apple iPhone 13 128GB синий,66170 сом,/images/product/97900/1631808440_79057200.jpg
Сотовый телефон Apple iPhone 13 256GB синий,79780 сом,/images/product/97901/1631808460_05048700.jpg
Сотовый телефон Xiaomi Poco M5s 6/128GB серый,15890 сом,/images/product/113774/1668360931_73315000.jpg
Сотовый телефон Apple iPhone 13 128GB полуночный,66170 сом,/images/product/97903/1631808729_32480300.jpg
Сотовый телефон Xiaomi Poco F4 5G 8/256GB черный,32630 сом,/images/product/109167/1658831060_19712800.jpg
Сотовый телефон Xiaomi Poco M5s 6/128GB голубой,15890 сом,/images/product/113775/1668360981_19545600.jpg
Сотовый телефон Apple iPhone 13 256GB полуночный,79780 сом,/images/product/97904/1631808749_52759400.jpg
Сотовый телефон Apple iPhone 13 128GB сияющая звезда,66170 сом,/images/product/97906/1631809004_80505000.jpg
Сотовый телефон Apple iPhone 13 256GB сияющая звезда,79780 сом,/images/product/97907/1631809025_40225100.jpg
Сотовый телефон Apple iPhone 13 128GB розовый,66170 сом,/images/product/97909/1631809348_37875500.jpg
Сотовый телефон Apple iPhone 13 256GB розовый,79780 сом,/images/product/97910/1631809368_06181800.jpg
Сотовый телефон Samsung Galaxy S22 Ultra 12/256GB черный,82070 сом,/images/product/104822/1648319089_75835000.png
Сотовый телефон Samsung Galaxy S22 Ultra 12/256GB белый,82070 сом,/images/product/104823/1648319267_14637700.png
Сотовый телефон Samsung Galaxy S22 Ultra 12/256GB фиолетовый,82070 сом,/images/product/104824/1648319379_27545800.png
Сотовый телефон Samsung Galaxy S22 Ultra 12/256GB зеленый,82070 сом,/images/product/104825/1648319473_69430100.png
Сотовый телефон Samsung Galaxy S22 Ultra 12/256GB серый,82070 сом,/images/product/104826/1648319584_65168500.png
Сотовый телефон Samsung Galaxy S22 Ultra 12/256GB красный,82070 сом,/images/product/104827/1648319672_36030400.png
Сотовый телефон Samsung Galaxy S22 Ultra 12/256GB голубой,82070 сом,/images/product/104828/1648319758_15378800.png
Сотовый телефон Xiaomi Poco M5 4/64GB желтый,13400 сом,/images/product/111236/1663840027_89378900.jpg
Сотовый телефон Xiaomi 11 Lite 5G 6/128GB черный,23500 сом,/images/product/118404/1678552804_32178100.jpg
Сотовый телефон Xiaomi Poco M5 4/128GB черный,14320 сом,/images/product/111237/1663840034_78846000.jpg
Сотовый телефон Xiaomi 11 Lite 5G 6/128GB мятный,23500 сом,/images/product/118405/1678552896_80964900.jpg
Сотовый телефон Xiaomi Redmi Note 11 Pro Plus 5G 8/256GB зеленый,28250 сом,/images/product/111238/1663841135_25649100.jpg
Сотовый телефон Apple iPhone 13 Pro Max 256GB графитовый,108180 сом,/images/product/97929/1631814606_50121700.jpg
Сотовый телефон Apple iPhone 13 Pro Max 256GB серебристый,108180 сом,/images/product/97933/1631815040_09605500.jpg
Сотовый телефон Apple iPhone 13 Pro Max 256GB золотой,108180 сом,/images/product/97937/1631815413_16996800.jpg
Сотовый телефон Apple iPhone 13 Pro Max 256GB синий,108180 сом,/images/product/97941/1631815819_31816700.jpg
Сотовый телефон Samsung Galaxy A23 4/128GB черный,17080 сом,/images/product/105119/1649052107_79765600.jpg
Сотовый телефон Samsung Galaxy A23 4/128GB белый,17080 сом,/images/product/105120/1649052175_58209600.jpg
Сотовый телефон Samsung Galaxy A23 4/128GB персиковый,17080 сом,/images/product/105121/1649052208_08866000.jpg
Сотовый телефон Samsung Galaxy A23 4/128GB голубой,17080 сом,/images/product/105122/1649052239_71344800.jpg
Сотовый телефон Xiaomi 13 Lite 8/256GB голубой,31730 сом,/images/product/117922/1677571851_39921000.jpg
Сотовый телефон Xiaomi Poco M5 4/64GB черный,13400 сом,/images/product/113315/1667740770_40977600.jpg
Сотовый телефон Xiaomi 13 Lite 8/256GB розовый,31730 сом,/images/product/117923/1677571861_47951000.jpg
Сотовый телефон Samsung Galaxy A03 Core 2/32GB черный,8570 сом,/images/product/101542/1640059744_04453000.png
Сотовый телефон Samsung Galaxy A03 Core 2/32GB синий,8570 сом,/images/product/101544/1640059916_27738300.png
Сотовый телефон Apple iPhone 14 128GB полночный черный,73880 сом,/images/product/111020/1667069318_27060600.jpg
Сотовый телефон Apple iPhone 14 128GB фиолетовый,73880 сом,/images/product/111021/1667069304_37205800.jpg
Сотовый телефон Apple iPhone 14 128GB сияющая звезда,73880 сом,/images/product/111022/1667069288_96465100.jpg
Сотовый телефон Apple iPhone 14 128GB голубой,73880 сом,/images/product/111023/1667069269_56684100.jpg
Сотовый телефон Apple iPhone 14 128GB красный,73880 сом,/images/product/111024/1667069255_04497100.jpg
Сотовый телефон Apple iPhone 14 256GB полночный черный,84770 сом,/images/product/111025/1667069429_30394900.jpg
Сотовый телефон Apple iPhone 14 256GB фиолетовый,84770 сом,/images/product/111026/1667069410_35447000.jpg
Сотовый телефон Apple iPhone 14 256GB сияющая звезда,84770 сом,/images/product/111027/1667069396_12428400.jpg
Сотовый телефон Apple iPhone 14 256GB голубой,84770 сом,/images/product/111028/1667069379_34607800.jpg
Сотовый телефон Apple iPhone 14 256GB красный,84770 сом,/images/product/111029/1667069365_92337100.jpg
Сотовый телефон Apple iPhone 14 Pro 128GB космический черный,99580 сом,/images/product/111030/1667070233_28210600.jpg
Сотовый телефон Apple iPhone 14 Pro 128GB фиолетовый,100020 сом,/images/product/111031/1667070267_45413700.jpg
Сотовый телефон Apple iPhone 14 Pro 128GB серебристый,99580 сом,/images/product/111032/1667070106_55554700.jpg
Сотовый телефон Apple iPhone 14 Pro 128GB золотой,99580 сом,/images/product/111033/1667070181_22421300.jpg
Сотовый телефон Apple iPhone 14 Pro 256GB космический черный,109120 сом,/images/product/111034/1667070402_34447000.jpg
Сотовый телефон Xiaomi Redmi Note 10 Pro 8/256GB голубой,21520 сом,/images/product/113082/1667278980_33275500.jpg
Сотовый телефон Apple iPhone 14 Pro 256GB фиолетовый,109120 сом,/images/product/111035/1667070388_12901000.jpg
Сотовый телефон Xiaomi Redmi Note 10 Pro 8/256GB серый,21520 сом,/images/product/113083/1667278983_39177900.jpg
Сотовый телефон Xiaomi Poco X4 GT 5G 8/256GB черный,29650 сом,/images/product/109756/1660641806_42497600.jpg
Сотовый телефон Xiaomi Poco X4 GT 5G 8/256GB голубой,29650 сом,/images/product/109757/1660641822_67308600.jpg
Сотовый телефон Xiaomi Poco M5 4/64GB зеленый,13400 сом,/images/product/116157/1673707276_86653000.jpg
Сотовый телефон Xiaomi Poco X4 GT 5G 8/256GB серебристый,29650 сом,/images/product/109758/1660641834_23520300.jpg
Сотовый телефон Apple iPhone 14 Pro Max 128GB космический черный,107720 сом,/images/product/111040/1667070713_51743500.jpg
Сотовый телефон Xiaomi Poco M5 6/128GB черный,15720 сом,/images/product/113088/1667281611_91530300.jpg
Сотовый телефон Xiaomi Poco M5 6/128GB зеленый,15720 сом,/images/product/113089/1667281718_47593600.jpg
Сотовый телефон Apple iPhone 14 Pro Max 128GB золотой,107720 сом,/images/product/111042/1667070792_77567600.jpg
Сотовый телефон Apple iPhone 14 Pro Max 128GB фиолетовый,108180 сом,/images/product/111043/1667070731_06616800.jpg
Сотовый телефон Apple iPhone 14 Pro Max 256GB космический черный,118690 сом,/images/product/111044/1667070992_90446700.jpg
Сотовый телефон Apple iPhone 14 Pro Max 256GB золотой,118690 сом,/images/product/111045/1667070980_14799600.jpg
Сотовый телефон Apple iPhone 14 Pro Max 256GB фиолетовый,118690 сом,/images/product/111046/1667070965_53690200.jpg
Сотовый телефон Apple iPhone 14 Pro Max 256GB серебристый,118690 сом,/images/product/111047/1667070952_57712100.jpg
Сотовый телефон Samsung Galaxy S22 8/256GB черный,58430 сом,/images/product/105932/1651331709_45138700.jpg
Сотовый телефон Samsung Galaxy S22 8/256GB белый,58430 сом,/images/product/105933/1651331741_85568900.jpg
Сотовый телефон Samsung Galaxy S22 8/256GB розовый,58430 сом,/images/product/105934/1651331770_66731200.jpg
Сотовый телефон Samsung Galaxy S22 8/256GB зеленый,58430 сом,/images/product/105935/1651331801_97725500.jpg
Сотовый телефон Samsung Galaxy S22 8/256GB серый,58430 сом,/images/product/105936/1651331831_15719900.jpg
Сотовый телефон Samsung Galaxy S22 8/256GB голубой,58430 сом,/images/product/105937/1651331856_87154800.jpg
Сотовый телефон Samsung Galaxy S22 8/256GB фиолетовый,58430 сом,/images/product/105938/1651331878_59420500.jpg
Сотовый телефон Samsung Galaxy S22 8/256GB бежевый,58430 сом,/images/product/105939/1651331898_83144000.jpg
Сотовый телефон Xiaomi Redmi 10C 4/64GB зеленый,10810 сом,/images/product/106728/1652950917_92961300.jpg
Сотовый телефон Apple iPhone 14 Pro 512GB фиолетовый,136810 сом,/images/product/111083/1667070538_66750100.jpg
Сотовый телефон Xiaomi Redmi 10A 4/128GB черный,10810 сом,/images/product/108012/1656406126_69416000.jpg
Сотовый телефон Xiaomi Poco M5s 6/128GB белый,15890 сом,/images/product/116972/1675521699_51040500.jpg
Сотовый телефон Xiaomi Redmi 10A 4/128GB синий,10810 сом,/images/product/108013/1656406139_08129000.jpg
Сотовый телефон Apple iPhone 14 Pro 1TB фиолетовый,151820 сом,/images/product/111085/1667890532_54111400.jpg
Сотовый телефон Xiaomi Redmi 10A 4/128GB серый,10810 сом,/images/product/108014/1656406143_17876500.jpg
Сотовый телефон Xiaomi Redmi 10 4/128GB синий,13400 сом,/images/product/98035/1632068656_71722200.jpg
Сотовый телефон Xiaomi Redmi 10 4/128GB белый,13400 сом,/images/product/98805/1633257871_31192200.jpg
Сотовый телефон Apple iPhone 14 Pro Max 512GB космический черный,140910 сом,/images/product/111093/1667071078_31411600.jpg
Сотовый телефон Apple iPhone 14 Pro Max 512GB фиолетовый,140910 сом,/images/product/111095/1667071064_21278900.jpg
Сотовый телефон Xiaomi Redmi Note 10 Pro 8/256GB бронзовый,21520 сом,/images/product/115447/1671868383_92953400.jpg
Сотовый телефон Apple iPhone 14 Pro Max 512GB серебристый,140910 сом,/images/product/111096/1668260122_29744300.jpg
Сотовый телефон Xiaomi Redmi Note 11S 6/128GB белый,18400 сом,/images/product/103417/1644984420_34292700.jpg
Сотовый телефон Apple iPhone 14 Pro Max 512GB золотой,140910 сом,/images/product/111097/1668260140_42889700.jpg
Сотовый телефон Apple iPhone 14 Pro Max 1TB фиолетовый,161750 сом,/images/product/111100/1667071142_67516500.jpg
Сотовый телефон Apple iPhone 14 Pro Max 1TB золотой,161750 сом,/images/product/111101/1667071294_61179100.jpg
Сотовый телефон Xiaomi Mi 11 Lite 5G 8/128GB черный,23590 сом,/images/product/92416/1678553284_02192300.jpg
Сотовый телефон Xiaomi Redmi Note 11 6/128GB синий,17360 сом,/images/product/103434/1645002019_77390500.png
Сотовый телефон Xiaomi 12X 8/128GB голубой,43580 сом,/images/product/107274/1654619545_31822900.jpg
Сотовый телефон Samsung Galaxy A03s 2/32GB черный,10630 сом,/images/product/109066/1658515264_83337500.jpg
Сотовый телефон Xiaomi Redmi 9C 4/128GB серый,10900 сом,/images/product/95755/1627654600_03946800.jpg
Сотовый телефон Xiaomi Redmi Note 11 6/128GB голубой,17360 сом,/images/product/103435/1645002057_84343700.jpg
Сотовый телефон Xiaomi Redmi 10A 2/32GB черный,8750 сом,/images/product/108299/1656851875_65254900.jpg
Сотовый телефон Samsung Galaxy A03s 2/32GB синий,10630 сом,/images/product/109067/1658515281_67990100.jpg
Сотовый телефон Samsung Galaxy Note 20 Ultra 5G 12/256GB белый,73790 сом,/images/product/95756/1627808224_15778300.jpg
Сотовый телефон Samsung Galaxy A13 4G 4/128GB белый,14140 сом,/images/product/105484/1650357974_27932300.jpg
Сотовый телефон Apple iPhone 12 128GB черный,59380 сом,/images/product/85005/1643526274_78712300.png
Сотовый телефон Samsung Galaxy Note 20 Ultra 5G 12/256GB черный,73790 сом,/images/product/95757/1627808275_13416200.jpg
Сотовый телефон Samsung Galaxy A13 4G 4/128GB персиковый,14140 сом,/images/product/105485/1650358086_11066600.jpg
Сотовый телефон Samsung Galaxy Note 20 Ultra 5G 12/256GB бронзовый,73790 сом,/images/product/95758/1627808340_15191000.jpg
Сотовый телефон Xiaomi 12 Pro 12/256GB голубой,58880 сом,/images/product/105230/1649420104_56081500.jpg
Сотовый телефон Samsung Galaxy A13 4G 4/128GB голубой,14140 сом,/images/product/105486/1650358323_75303600.jpg
Сотовый телефон Xiaomi 12 Pro 12/256GB серый,58880 сом,/images/product/105231/1649420344_67821700.jpg
Сотовый телефон Xiaomi 12 Lite 6/128GB черный,29560 сом,/images/product/109071/1658516810_62408600.jpg
Сотовый телефон Xiaomi 12 Pro 12/256GB фиолетовый,58880 сом,/images/product/105232/1649420536_95159600.jpg
Сотовый телефон Xiaomi Redmi 10 6/128GB синий,14640 сом,/images/product/105488/1650359511_03277700.jpg
Сотовый телефон Xiaomi 12 Lite 6/128GB зеленый,29560 сом,/images/product/109072/1658516838_91747800.jpg
Сотовый телефон Apple iPhone 12 128GB красный,59380 сом,/images/product/85009/1643526318_80444300.png
Сотовый телефон Xiaomi 12 Lite 6/128GB розовый,29560 сом,/images/product/109073/1658516849_62016100.jpg
Сотовый телефон Xiaomi Redmi Note 11 Pro 4G 6/64GB серый,18400 сом,/images/product/105234/1649421144_46769300.jpg
Сотовый телефон Apple iPhone 12 128GB синий,59380 сом,/images/product/85012/1643526361_96879600.png
Сотовый телефон Xiaomi Poco X5 6/128GB зеленый,20990 сом,/images/product/117524/1676785345_55533000.jpg
Сотовый телефон Apple iPhone 12 128GB зеленый,59380 сом,/images/product/85013/1643526404_67562500.png
Сотовый телефон Xiaomi Poco X5 6/128GB голубой,20990 сом,/images/product/117525/1676785408_50073500.jpg
Сотовый телефон Apple iPhone 12 128GB белый,59380 сом,/images/product/85014/1643526452_17028900.png
Сотовый телефон Samsung Galaxy A13 (SM-A137) 4/64GB голубой,13490 сом,/images/product/115990/1673514385_69224500.jpg
Сотовый телефон Xiaomi Poco X5 6/128GB черный,20990 сом,/images/product/117526/1676785483_05015800.jpg
Сотовый телефон Samsung Galaxy A13 4G 4/128GB черный,14140 сом,/images/product/105240/1649532350_74060700.jpg
